sequence_name	split
01_AE.VN.14.VN_643.MT635175	crf_bank
01_AE.GB.2012.Recipient_N107_52_Months.KP873163	crf_bank
01_AE.TH.-.6323P00a.MK867564	crf_bank
01_AE.TH.2019.027_S_v11_22p2G10_68-68C1P2_r84.PP591248	crf_bank
01_AE.GB.2010.Donor_N094_20_Month.KP873161	crf_bank
01_AE.ID.2016.H41_Bali_2016.OQ357253	crf_bank
01_AE.CN.2011.DE00111CN003.KC596065	crf_bank
01_AE.CN.2023.111242_120.PV207344	crf_bank
01_AE.TH.-.F4_PID_30_W96_NS_7C7_1313_0_R470.ON500942	crf_bank
01_AE.ID.2018.SBY2_Surabaya_2018.OQ357245	crf_bank
01_AE.TH.2011.40231v14_08.MN792254	crf_bank
01_AE.CN.2023.113401_180.PV207384	crf_bank
01_AE.GB.2009.Donor_N094_8_Months.KP873164	crf_bank
01_AE.GB.2012.Donor_N094_42_Months.KP873162	crf_bank
01_AE.TH.2013.Pt5_PreART_40.ON902132	crf_bank
01_AE.CN.2023.111242_45.PV207346	crf_bank
01_AE.TH.-.6323P00b.MK867565	crf_bank
01_AE.CN.2023.111242_52.PV207347	crf_bank
01_AE.CN.2023.111242_76.PV207348	crf_bank
01_AE.TH.-.6323P00f.MK867569	crf_bank
01_AE.TH.-.F4_PID_30_W0_S_9G3_4747_0_R478.ON500933	crf_bank
01_AE.TH.-.6323P00c.MK867566	crf_bank
01_AE.TH.-.F4_PID_30_W0_NS_7D5_1717_0_R474.ON500926	crf_bank
01_AE.TH.-.6323P00e.MK867568	crf_bank
01_AE.AF.07.569M.GQ477441	crf_bank
01_AE.BE.17.CA.MN486023	crf_bank
01_AE.BE.17.CM.MN486035	crf_bank
01_AE.BG.08.S_08_004.MH746262	crf_bank
01_AE.BG.09.V_09_018.MH746252	crf_bank
01_AE.CF.90.90CF11697.AF197340	crf_bank
01_AE.CF.90.90CF4071.AF197341	crf_bank
01_AE.CF.90.90CR402_CAR_E_4002.U51188	crf_bank
01_AE.CM.03.U7957.MN116207	crf_bank
01_AE.CM.03.U8216.MN116208	crf_bank
01_AE.CM.05.234_40.MN116209	crf_bank
01_AE.CM.06.1002_28.MN116212	crf_bank
01_AE.CM.11.1156_26.KP718930	crf_bank
01_AE.CN.02.YN0221.JX112861	crf_bank
01_AE.CN.02.YN0229.JX112863	crf_bank
01_AE.CN.02.YN0236.JX112866	crf_bank
01_AE.CN.05.05GX001.GU564221	crf_bank
01_AE.CN.05.05GX002.GU564222	crf_bank
01_AE.CN.05.05GX013.GU564224	crf_bank
01_AE.CN.05.05GX034.GQ845124	crf_bank
01_AE.CN.05.05GX079.GQ845125	crf_bank
01_AE.CN.05.05GX128.GQ845126	crf_bank
01_AE.CN.05.05GX142.GU564227	crf_bank
01_AE.CN.05.05GX162.GU564229	crf_bank
01_AE.CN.05.05GXD004.MW079292	crf_bank
01_AE.CN.05.05GXD005.MW079293	crf_bank
01_AE.CN.05.05GXD008.MW079294	crf_bank
01_AE.CN.05.05GXD010.MW079295	crf_bank
01_AE.CN.05.05GXD015.MW079296	crf_bank
01_AE.CN.05.05GXD020.MW079297	crf_bank
01_AE.CN.05.05GXD033.MW079300	crf_bank
01_AE.CN.05.05GXD078.MW079302	crf_bank
01_AE.CN.05.05GXD083.MW079304	crf_bank
01_AE.CN.05.FJ051.DQ859178	crf_bank
01_AE.CN.05.FJ053.DQ859179	crf_bank
01_AE.CN.05.Fj052.EF036528	crf_bank
01_AE.CN.05.Fj055.EF036527	crf_bank
01_AE.CN.05.Fj056.EF036529	crf_bank
01_AE.CN.05.Fj057.EF036530	crf_bank
01_AE.CN.05.Fj065.EF036534	crf_bank
01_AE.CN.05.Fj066.EF036535	crf_bank
01_AE.CN.06.06GX239.GU564230	crf_bank
01_AE.CN.06.06GXD217.MW079305	crf_bank
01_AE.CN.06.06GXD242.MW079306	crf_bank
01_AE.CN.06.FJ054.DQ859180	crf_bank
01_AE.CN.06.Fj062.EF036531	crf_bank
01_AE.CN.06.Fj063.EF036532	crf_bank
01_AE.CN.06.Fj064.EF036533	crf_bank
01_AE.CN.07.07CNYN312.KF835499	crf_bank
01_AE.CN.07.07CNYN315.KF835502	crf_bank
01_AE.CN.07.07CNYN316.KF835503	crf_bank
01_AE.CN.07.07CNYN317.KF835504	crf_bank
01_AE.CN.07.07CNYN318.KF835505	crf_bank
01_AE.CN.07.07CNYN326.KF835513	crf_bank
01_AE.CN.07.07CNYN327.KF835514	crf_bank
01_AE.CN.07.07CNYN329.KF835516	crf_bank
01_AE.CN.07.07CNYN332.KF835518	crf_bank
01_AE.CN.07.07CNYN333.KF835519	crf_bank
01_AE.CN.07.07CNYN337.KF835523	crf_bank
01_AE.CN.07.07CNYN342.KF835527	crf_bank
01_AE.CN.07.07CNYN343.KF835528	crf_bank
01_AE.CN.07.07CNYN354.KF835533	crf_bank
01_AE.CN.07.07CNYN357.KF835536	crf_bank
01_AE.CN.07.07CNYN359.KF835538	crf_bank
01_AE.CN.07.07CNYN364.KF835542	crf_bank
01_AE.CN.07.07CNYN366.KF835543	crf_bank
01_AE.CN.07.07JSWX045.FJ441290	crf_bank
01_AE.CN.07.FJ070010.JX112809	crf_bank
01_AE.CN.07.FJ070013.JX112810	crf_bank
01_AE.CN.07.FJ070017.JX112811	crf_bank
01_AE.CN.07.FJ070033.JX112813	crf_bank
01_AE.CN.07.FJ070035.JX112814	crf_bank
01_AE.CN.07.FJ070040.JX112817	crf_bank
01_AE.CN.07.FJ070043.JX112818	crf_bank
01_AE.CN.07.GD070010.JX112819	crf_bank
01_AE.CN.07.GD070058.JX112820	crf_bank
01_AE.CN.07.GD070059.JX112821	crf_bank
01_AE.CN.07.GD070090.JX112823	crf_bank
01_AE.CN.07.GD070092.JX112824	crf_bank
01_AE.CN.07.GD070096.JX112825	crf_bank
01_AE.CN.07.GD070118.JX112826	crf_bank
01_AE.CN.07.GD070120.JX112827	crf_bank
01_AE.CN.07.GX070003.JX112829	crf_bank
01_AE.CN.07.GX070005.JX112830	crf_bank
01_AE.CN.07.GX070006.JX112831	crf_bank
01_AE.CN.07.GX070043.JX112832	crf_bank
01_AE.CN.07.GX070044.JX112833	crf_bank
01_AE.CN.07.GX070076.JX112834	crf_bank
01_AE.CN.07.GX070143.JX112835	crf_bank
01_AE.CN.07.GX070145.JX112836	crf_bank
01_AE.CN.07.GX070149.JX112837	crf_bank
01_AE.CN.07.GX070154.JX112838	crf_bank
01_AE.CN.07.GX070167.JX112839	crf_bank
01_AE.CN.07.GZ070004.JX112840	crf_bank
01_AE.CN.07.GZ070123.JX112843	crf_bank
01_AE.CN.07.GZ070126.JX112844	crf_bank
01_AE.CN.07.GZ070127.JX112845	crf_bank
01_AE.CN.07.JS070901.JX112850	crf_bank
01_AE.CN.07.JS071001.JX112851	crf_bank
01_AE.CN.07.JS071101.JX112853	crf_bank
01_AE.CN.07.LN070008.JX112854	crf_bank
01_AE.CN.07.LN070013.JX112856	crf_bank
01_AE.CN.08.08LNA002.JX960612	crf_bank
01_AE.CN.08.08LNA003.JX960606	crf_bank
01_AE.CN.09.09LNA005.JX960630	crf_bank
01_AE.CN.09.09LNA007.JX960627	crf_bank
01_AE.CN.09.09LNA013.JX960623	crf_bank
01_AE.CN.09.09LNA025.JX960634	crf_bank
01_AE.CN.09.09LNA040.JX960615	crf_bank
01_AE.CN.09.09LNA136.JX960631	crf_bank
01_AE.CN.09.09LNA340.JX960607	crf_bank
01_AE.CN.09.09LNA353.JX960628	crf_bank
01_AE.CN.09.09LNA379.JX960603	crf_bank
01_AE.CN.09.10LNA016.JX960629	crf_bank
01_AE.CN.09.10LNA105.JX960626	crf_bank
01_AE.CN.09.1109.HQ215555	crf_bank
01_AE.CN.09.1119.HQ215553	crf_bank
01_AE.CN.09.YN09P0011.JX112867	crf_bank
01_AE.CN.09.YN09P0015.JX112868	crf_bank
01_AE.CN.09.ZK056.JX112870	crf_bank
01_AE.CN.10.10LNA057.JX960633	crf_bank
01_AE.CN.10.10LNA103.JX960608	crf_bank
01_AE.CN.10.10LNA124.JX960609	crf_bank
01_AE.CN.10.10LNA571.JX960611	crf_bank
01_AE.CN.10.10LNA821.JX960616	crf_bank
01_AE.CN.10.10LNA976.JX960632	crf_bank
01_AE.CN.10.CYM059.JX112796	crf_bank
01_AE.CN.10.CYM075.JX112797	crf_bank
01_AE.CN.10.CYM105.JX112798	crf_bank
01_AE.CN.10.CYM124.JX112799	crf_bank
01_AE.CN.10.CYM136.JX112800	crf_bank
01_AE.CN.10.CYM138.JX112801	crf_bank
01_AE.CN.10.CYM140.JX112803	crf_bank
01_AE.CN.10.CYM143.JX112804	crf_bank
01_AE.CN.10.CYM147.JX112805	crf_bank
01_AE.CN.10.CYM152.JX112807	crf_bank
01_AE.CN.10.CYM154.JX112808	crf_bank
01_AE.CN.10.DE00110CN007.KP109506	crf_bank
01_AE.CN.10.DE00110CN009.KP109507	crf_bank
01_AE.CN.10.JL100005.JX112846	crf_bank
01_AE.CN.10.JL100020.JX112849	crf_bank
01_AE.CN.10.YNFL03.KC870029	crf_bank
01_AE.CN.10.YNFL20.KC870039	crf_bank
01_AE.CN.10.YNFL23.KC870041	crf_bank
01_AE.CN.12.DE00112CN011.KP109508	crf_bank
01_AE.CN.16.16YN666.MT624757	crf_bank
01_AE.CN.17.nj135.MT347590	crf_bank
01_AE.CN.18.A18123.MZ359100	crf_bank
01_AE.CN.18.JX_GZ_42_M_SH_4.MT611503	crf_bank
01_AE.CN.19.171.ON959789	crf_bank
01_AE.GB.13.13592_1_16.3.MF109358	crf_bank
01_AE.GB.13.13774_1_46.3.MF109471	crf_bank
01_AE.GB.14.13612_1_24.3.MF109407	crf_bank
01_AE.GB.14.14727_1_55.3.MF109618	crf_bank
01_AE.GB.14.14727_1_60.3.MF109621	crf_bank
01_AE.HK.04.HK001.DQ234790	crf_bank
01_AE.IR.10.10IR.THR48F.AB703616	crf_bank
01_AE.JP.11.DE00111JP003.KF859741	crf_bank
01_AE.LA.11.VI12F4094.MG760382	crf_bank
01_AE.LA.11.VI20F3001.MG760384	crf_bank
01_AE.LA.11.VI22F3810.MG760389	crf_bank
01_AE.LA.11.VI22F3899.MG760390	crf_bank
01_AE.LA.11.VI25F3297.MG760391	crf_bank
01_AE.LA.11.VI26F2939.MG760395	crf_bank
01_AE.LA.11.VI27F3026.MG760396	crf_bank
01_AE.LA.11.VI28F3940.MG760397	crf_bank
01_AE.LA.11.VI29F2980.MG760398	crf_bank
01_AE.LA.11.VI29M3024.MG760400	crf_bank
01_AE.LA.11.VI30F2999.MG760402	crf_bank
01_AE.LA.11.VI32M3901.MG760404	crf_bank
01_AE.LA.11.VI33F3831.MG760405	crf_bank
01_AE.LA.11.VI33M2961.MG760406	crf_bank
01_AE.LA.11.VI35F2871.MG760408	crf_bank
01_AE.LA.11.VI36F3920.MG760409	crf_bank
01_AE.LA.11.VI36M3284.MG760410	crf_bank
01_AE.LA.11.VI37F3781.MG760412	crf_bank
01_AE.LA.11.VI38F3375.MG760413	crf_bank
01_AE.LA.11.VI38M3097.MG760414	crf_bank
01_AE.LA.11.VI38M3815.MG760415	crf_bank
01_AE.LA.11.VI39F3163.MG760416	crf_bank
01_AE.LA.11.VI41M3868.MG760417	crf_bank
01_AE.LA.11.VI43F3290.MG760419	crf_bank
01_AE.LA.11.VI44M3784.MG760420	crf_bank
01_AE.LA.11.VI45M3233.MG760421	crf_bank
01_AE.LA.11.VI47M3234.MG760422	crf_bank
01_AE.LA.11.VI48M3407.MG760423	crf_bank
01_AE.LA.11.VI50F3912.MG760424	crf_bank
01_AE.LA.11.VI50M3793.MG760425	crf_bank
01_AE.LA.11.VI52F3913.MG760426	crf_bank
01_AE.LA.11.VI60M3235.MG760428	crf_bank
01_AE.LA.11.VI80M3893.MG760429	crf_bank
01_AE.LA.12.BL12F4561.MG760371	crf_bank
01_AE.LA.12.BL33M4535.MG760372	crf_bank
01_AE.LA.12.BL33M5227.MG760373	crf_bank
01_AE.LA.12.BL38F5131.MG760374	crf_bank
01_AE.LA.12.BL38F5143.MG760375	crf_bank
01_AE.LA.12.BL38M5270.MG760376	crf_bank
01_AE.LA.12.BL40F5333.MG760377	crf_bank
01_AE.LA.12.BL41F5229.MG760378	crf_bank
01_AE.LA.12.KH19F5101.MG760381	crf_bank
01_AE.LA.12.VI15M4478.MG760383	crf_bank
01_AE.LA.12.VI21M5276.MG760388	crf_bank
01_AE.LA.12.VI25F4363.MG760393	crf_bank
01_AE.LA.12.VI29M9897.MG760401	crf_bank
01_AE.LA.12.XA50F5221.MG760430	crf_bank
01_AE.LA.12.XI38F4856.MG760431	crf_bank
01_AE.MM.14.fKSDU26.KU820849	crf_bank
01_AE.PH.15.1008.MH327750	crf_bank
01_AE.PH.15.DE00115PH006.MH078560	crf_bank
01_AE.PH.15.DE00115PH012.KY658688	crf_bank
01_AE.PH.16.1010.MH327752	crf_bank
01_AE.PH.16.1024.MH327759	crf_bank
01_AE.PH.16.1025.MH327760	crf_bank
01_AE.PH.16.1027.MH327762	crf_bank
01_AE.PH.16.1029.MH327764	crf_bank
01_AE.PH.16.1031.MH327766	crf_bank
01_AE.PH.16.DE00116PH013.MH078562	crf_bank
01_AE.PH.17.1021.MH327756	crf_bank
01_AE.PH.17.1026.MH327761	crf_bank
01_AE.PH.17.1028.MH327763	crf_bank
01_AE.SE.11.057SE.MF373160	crf_bank
01_AE.SE.11.SE601017.KP411840	crf_bank
01_AE.SE.11.SE601018.KP411841	crf_bank
01_AE.SE.11.SE601021.KP411842	crf_bank
01_AE.SE.12.069SE.MF373172	crf_bank
01_AE.SE.12.070SE.MF373173	crf_bank
01_AE.SI.12.Sample39_SI326.MN736703	crf_bank
01_AE.TH.00.00TH_C2101.AY945716	crf_bank
01_AE.TH.00.00TH_C2257.AY945717	crf_bank
01_AE.TH.00.00TH_C3347.AY945721	crf_bank
01_AE.TH.00.00TH_C4118.AY945722	crf_bank
01_AE.TH.00.00TH_C4151.AY945724	crf_bank
01_AE.TH.00.C1705.DQ789392	crf_bank
01_AE.TH.00.OUR595I.AY358052	crf_bank
01_AE.TH.00.OUR661I.AY358057	crf_bank
01_AE.TH.00.OUR721I.AY358067	crf_bank
01_AE.TH.00.OUR724I.AY358060	crf_bank
01_AE.TH.00.OUR746I.AY358061	crf_bank
01_AE.TH.00.OUR810I.AY358063	crf_bank
01_AE.TH.01.01TH_C1436.AY945713	crf_bank
01_AE.TH.01.01TH_C2570.AY945719	crf_bank
01_AE.TH.01.01TH_C3256.AY945720	crf_bank
01_AE.TH.01.01TH_R2184.AY945730	crf_bank
01_AE.TH.01.LA09DuCe.KU168264	crf_bank
01_AE.TH.01.OUR414I.AY358050	crf_bank
01_AE.TH.01.OUR609I.AY358040	crf_bank
01_AE.TH.01.OUR642I.AY358041	crf_bank
01_AE.TH.01.OUR647I.AY358056	crf_bank
01_AE.TH.01.OUR702I.AY358059	crf_bank
01_AE.TH.01.OUR786I.AY358036	crf_bank
01_AE.TH.01.OUR788I.AY358068	crf_bank
01_AE.TH.01.OUR830I.AY358064	crf_bank
01_AE.TH.02.OUR769I.AY358062	crf_bank
01_AE.TH.03.TH7229.KU168309	crf_bank
01_AE.TH.04.04TH107542.JN248318	crf_bank
01_AE.TH.04.04TH328531.JN248324	crf_bank
01_AE.TH.04.04TH427990.JN248327	crf_bank
01_AE.TH.04.04TH505841.JN248328	crf_bank
01_AE.TH.04.04TH613543.JN248330	crf_bank
01_AE.TH.04.04TH807015.JN248334	crf_bank
01_AE.TH.04.04TH817196.JN248336	crf_bank
01_AE.TH.04.AA027a_wg4.JX447021	crf_bank
01_AE.TH.04.AA075a_WG7.JX447542	crf_bank
01_AE.TH.04.BKM.DQ314732	crf_bank
01_AE.TH.05.05TH130087.JN248339	crf_bank
01_AE.TH.05.05TH327568.JN248341	crf_bank
01_AE.TH.05.05TH342968.JN248342	crf_bank
01_AE.TH.05.05TH741452.JN248355	crf_bank
01_AE.TH.05.05TH841749.JN248356	crf_bank
01_AE.TH.05.AA004a_wg4a.JX446712	crf_bank
01_AE.TH.05.AA033a_wg6a.JX447081	crf_bank
01_AE.TH.05.AA049a_WG13.JX447268	crf_bank
01_AE.TH.05.AA064a_WG2.JX447413	crf_bank
01_AE.TH.05.AA081a14.JX447619	crf_bank
01_AE.TH.05.AA101a_WG1.JX447936	crf_bank
01_AE.TH.05.AA107a_wg4.JX448022	crf_bank
01_AE.TH.06.AA006a02.JX446736	crf_bank
01_AE.TH.06.AA014a01.JX446855	crf_bank
01_AE.TH.06.AA017a_wg1.JX446899	crf_bank
01_AE.TH.06.AA034a_wg2.JX447089	crf_bank
01_AE.TH.06.AA038a_WG3.JX447132	crf_bank
01_AE.TH.06.AA055a_WG4.JX447312	crf_bank
01_AE.TH.06.AA056a_WG5.JX447316	crf_bank
01_AE.TH.06.AA059a_WG5.JX447356	crf_bank
01_AE.TH.06.AA063a_WG37.JX447409	crf_bank
01_AE.TH.06.AA068a_14.JX447465	crf_bank
01_AE.TH.06.AA085a_wg2.JX447682	crf_bank
01_AE.TH.06.AA088a_wg14.JX447712	crf_bank
01_AE.TH.07.AA015a_WG4.JX446877	crf_bank
01_AE.TH.07.AA019a_WG11.JX446918	crf_bank
01_AE.TH.07.AA028a_wg3.JX447028	crf_bank
01_AE.TH.07.AA030a04.JX447057	crf_bank
01_AE.TH.07.AA031a02.JX447064	crf_bank
01_AE.TH.07.AA050a_WG7.JX447283	crf_bank
01_AE.TH.07.AA072a03.JX447503	crf_bank
01_AE.TH.07.AA089a05.JX447721	crf_bank
01_AE.TH.07.MERLBDTRC2.JN860761	crf_bank
01_AE.TH.07.MERLBDTRC4.JN860763	crf_bank
01_AE.TH.07.MERLBDTRC5.JN860764	crf_bank
01_AE.TH.07.MERLBDTRC7.JN860766	crf_bank
01_AE.TH.07.MERLBDTRC8.JN860767	crf_bank
01_AE.TH.08.AA007a_WG10.JX446756	crf_bank
01_AE.TH.08.AA013a04.JX446850	crf_bank
01_AE.TH.08.AA032a04.JX447074	crf_bank
01_AE.TH.08.AA037a_WG6.JX447127	crf_bank
01_AE.TH.08.AA052a08.JX447303	crf_bank
01_AE.TH.08.AA054a06.JX447308	crf_bank
01_AE.TH.08.AA060a_WG1.JX447359	crf_bank
01_AE.TH.08.AA067a_WG12.JX447458	crf_bank
01_AE.TH.08.AA108a_WG6.JX448028	crf_bank
01_AE.TH.08.MERLBDTRC9.JN860768	crf_bank
01_AE.TH.09.40061v05_02.KY580553	crf_bank
01_AE.TH.09.AA090a_WG11.JX447727	crf_bank
01_AE.TH.09.AA111a_WG11.JX448059	crf_bank
01_AE.TH.09.A_PreART_30.ON903126	crf_bank
01_AE.TH.10.2543625P000FL_Sc.MG989497	crf_bank
01_AE.TH.10.2543733P000FL_Sb.MG989499	crf_bank
01_AE.TH.10.2543789P000FL_Sc.MG989500	crf_bank
01_AE.TH.10.2543832P000FL_Si.MG989502	crf_bank
01_AE.TH.10.2545113P000FL_Sb.MG989515	crf_bank
01_AE.TH.10.2545436P000FL_Sa.MG989521	crf_bank
01_AE.TH.10.2546609P000FL_Sa.MG989530	crf_bank
01_AE.TH.10.2548950P000FL_Sa.MG989559	crf_bank
01_AE.TH.10.2549133P000FL_Sc.MG989562	crf_bank
01_AE.TH.10.2549583P000FL_Sj.MG989566	crf_bank
01_AE.TH.10.2549844P000FL_Sc.MG989569	crf_bank
01_AE.TH.10.40007v09_02.MN792014	crf_bank
01_AE.TH.10.40094v09_03.MN792055	crf_bank
01_AE.TH.10.40123v03_01.MN792117	crf_bank
01_AE.TH.10.40242v01_FL.ON959743	crf_bank
01_AE.TH.10.40250v09_01.MN792281	crf_bank
01_AE.TH.10.40257v09_03.MN792331	crf_bank
01_AE.TH.10.40265v14_01.KY580673	crf_bank
01_AE.TH.10.DE00110TH001.KP109513	crf_bank
01_AE.TH.11.2543513P000FL_Sj.MG989495	crf_bank
01_AE.TH.11.2544022P000FL_Sg.MG989504	crf_bank
01_AE.TH.11.2544574P000FL_Sa.MG989510	crf_bank
01_AE.TH.11.2545349P000FL_Sa.MG989516	crf_bank
01_AE.TH.11.2546154P000FL_Sb.MG989525	crf_bank
01_AE.TH.11.2546340P000FL_Sg.MG989527	crf_bank
01_AE.TH.11.2547905P000FL_Sb.MG989542	crf_bank
01_AE.TH.11.2548178P000FL_Sa.MG989544	crf_bank
01_AE.TH.11.2549114P000FL_Sa.MG989561	crf_bank
01_AE.TH.11.2549533P000FL_Sj.MG989565	crf_bank
01_AE.TH.11.40139v0J_03.MW443197	crf_bank
01_AE.TH.11.40231v09_02.OM826188	crf_bank
01_AE.TH.11.40363v03_01.MN792425	crf_bank
01_AE.TH.11.40436v09_04.KY580697	crf_bank
01_AE.TH.11.40512v02_03.MK116905	crf_bank
01_AE.TH.11.40577v01_01.MN792550	crf_bank
01_AE.TH.12.2543193P000FL_Sc.MG989492	crf_bank
01_AE.TH.12.2543669P000FL_Sa.MG989498	crf_bank
01_AE.TH.12.2544477P000FL_Sa.MG989509	crf_bank
01_AE.TH.12.2545382P000FL_Sa.MG989518	crf_bank
01_AE.TH.12.2545864P000FL_Sa.MG989523	crf_bank
01_AE.TH.12.2546897P000FL_Sa.MG989531	crf_bank
01_AE.TH.12.40435v01_02.OM826328	crf_bank
01_AE.TH.12.40491v01_01.OM826397	crf_bank
01_AE.TH.12.40492v01_07.OM826423	crf_bank
01_AE.TH.12.40511v01_02.MN792470	crf_bank
01_AE.TH.12.B_PreART_07.ON862984	crf_bank
01_AE.TH.12.C_PreART_38.ON863069	crf_bank
01_AE.TH.13.2543799P000FL_Sa.MG989501	crf_bank
01_AE.TH.13.2544233P000FL_Sa.MG989508	crf_bank
01_AE.TH.13.2548448P000FL_Sa.MG989552	crf_bank
01_AE.TH.13.2549325P000FL_Sa.MG989563	crf_bank
01_AE.TH.13.2549340P000FL_Sa.MG989564	crf_bank
01_AE.TH.13.40700v03_08.OM826776	crf_bank
01_AE.TH.13.40737v0A_01.OM826779	crf_bank
01_AE.TH.13.Pt1_PreART_50.ON902004	crf_bank
01_AE.TH.13.Pt4_PreART_16.ON902093	crf_bank
01_AE.TH.13.Pt5_PreART_24.ON902120	crf_bank
01_AE.TH.13.Pt7_PreART_34.ON902326	crf_bank
01_AE.TH.13.Pt9_PreART_76.ON902503	crf_bank
01_AE.TH.14.2543896P000FL_Sa.MG989503	crf_bank
01_AE.TH.14.2544584P000FL_Sa.MG989511	crf_bank
01_AE.TH.14.2545040P000FL_Sc.MG989514	crf_bank
01_AE.TH.14.2545383P000FL_Sb.MG989519	crf_bank
01_AE.TH.14.2546031P000FL_Sc.MG989524	crf_bank
01_AE.TH.14.2546587P000FL_Sc.MG989529	crf_bank
01_AE.TH.14.2546901P000FL_Se.MG989532	crf_bank
01_AE.TH.14.2547241P000FL_Sa.MG989535	crf_bank
01_AE.TH.14.2547279P000FL_Sk.MG989538	crf_bank
01_AE.TH.14.2548373P000L_Sl.MG989548	crf_bank
01_AE.TH.14.4028P00m.MT121537	crf_bank
01_AE.TH.14.Pt11_PreART_32.ON902533	crf_bank
01_AE.TH.14.Pt12_PreART_06.ON902579	crf_bank
01_AE.TH.14.Pt15_PreART_80.ON902724	crf_bank
01_AE.TH.14.Pt16_PreART_56.ON902772	crf_bank
01_AE.TH.14.Pt17_PreART_29.ON902797	crf_bank
01_AE.TH.14.Pt18_PreART_03.ON902846	crf_bank
01_AE.TH.14.Pt19_PreART_70.ON902959	crf_bank
01_AE.TH.14.Pt20_PreART_09.ON902967	crf_bank
01_AE.TH.15.2543544P000FL_Si.MG989496	crf_bank
01_AE.TH.15.2544154P000FL_Sa.MG989507	crf_bank
01_AE.TH.15.2546574P000FL_Sk.MG989528	crf_bank
01_AE.TH.15.2547188P000FL_Sk.MG989534	crf_bank
01_AE.TH.15.2547268P000FL_Sa.MG989537	crf_bank
01_AE.TH.15.2547424P000FL_Sj.MG989539	crf_bank
01_AE.TH.15.2548105P000FL_Sf.MG989543	crf_bank
01_AE.TH.15.2548247P000FL_Sb.MG989546	crf_bank
01_AE.TH.15.2548522P000FL_Se.MG989554	crf_bank
01_AE.TH.15.2548820P000FL_Sg.MG989558	crf_bank
01_AE.TH.15.2549813P000FL_Sf.MG989568	crf_bank
01_AE.TH.15.Pt21_PreART_01.ON903056	crf_bank
01_AE.TH.16.Pt6_onART_14.ON902244	crf_bank
01_AE.TH.18.D_OnART_02.ON863133	crf_bank
01_AE.TH.18.E_OnART_10.ON863258	crf_bank
01_AE.TH.90.CM240.U54771	crf_bank
01_AE.TH.93.93TH9021.AF164485	crf_bank
01_AE.TH.95.95TNIH022.AB032740	crf_bank
01_AE.TH.95.95TNIH047.AB032741	crf_bank
01_AE.TH.96.96TH_M02138.AY713424	crf_bank
01_AE.TH.96.96TH_NI1046.AY713421	crf_bank
01_AE.TH.96.96TH_NI1149.AY713426	crf_bank
01_AE.TH.97.97TH6_107.AY125894	crf_bank
01_AE.TH.97.97TH_NP1525.AY713420	crf_bank
01_AE.TH.97.97TH_NP1695.AY713419	crf_bank
01_AE.TH.98.98TH_NP1251.AY713422	crf_bank
01_AE.TH.98.98TH_R1166.AY945728	crf_bank
01_AE.TH.99.99TH_C1080.AY945712	crf_bank
01_AE.TH.99.99TH_C2405.AY945718	crf_bank
01_AE.TH.99.99TH_C4460.AY945726	crf_bank
01_AE.TH.99.99TH_NI1052.AY713423	crf_bank
01_AE.TH.99.99TH_R1149.AY945727	crf_bank
01_AE.TH.99.99TH_R3006.AY945731	crf_bank
01_AE.TH.99.99TH_R3265.AY945732	crf_bank
01_AE.TH.99.OUR066I.AY358043	crf_bank
01_AE.TH.99.OUR098I.AY358044	crf_bank
01_AE.TH.99.OUR199I.AY358039	crf_bank
01_AE.TH.99.OUR422I.AY358051	crf_bank
01_AE.US.00.00US_MSC1164.AY444804	crf_bank
01_AE.US.05.306163_FL.JX863920	crf_bank
01_AE.US.98.98US_MSC1120.AY444803	crf_bank
01_AE.US.98.98US_MSC2008.AY444805	crf_bank
01_AE.US.98.98US_MSC3012.AY444806	crf_bank
01_AE.VN.05.VN_016.MT635140	crf_bank
01_AE.VN.08.VN_032.MT635143	crf_bank
01_AE.VN.09.VN_236.MT635158	crf_bank
01_AE.VN.10.VN_606.MT635173	crf_bank
01_AE.VN.11.VN_024.MT635142	crf_bank
01_AE.VN.11.VN_633.MT635174	crf_bank
01_AE.VN.12.VN_219.MT635157	crf_bank
01_AE.VN.12.VN_293.MT635160	crf_bank
01_AE.VN.12.VN_298.MT635161	crf_bank
01_AE.VN.12.VN_300.MT635162	crf_bank
01_AE.VN.12.VN_354.MT635163	crf_bank
01_AE.VN.12.VN_421.MT635166	crf_bank
01_AE.VN.12.VN_446.MT635168	crf_bank
01_AE.VN.13.VN_388.MT635164	crf_bank
01_AE.VN.13.VN_413.MT635165	crf_bank
01_AE.VN.13.VN_425.MT635167	crf_bank
01_AE.VN.13.VN_474.MT635169	crf_bank
01_AE.VN.13.VN_478.MT635170	crf_bank
01_AE.VN.14.DE00114VN001.MT222954	crf_bank
01_AE.VN.14.DE00114VN003.MT222955	crf_bank
01_AE.VN.15.DE00115VN004.MT222956	crf_bank
01_AE.VN.97.97VNAG204.FJ185247	crf_bank
01_AE.VN.97.97VNAG206.FJ185248	crf_bank
01_AE.VN.97.97VNAG207.FJ185249	crf_bank
01_AE.VN.97.97VNAG210.FJ185251	crf_bank
01_AE.VN.97.97VNAG212.FJ185252	crf_bank
01_AE.VN.97.97VNAG218.FJ185255	crf_bank
01_AE.VN.97.97VNHCM314.FJ185241	crf_bank
01_AE.VN.97.97VNHCM319.FJ185242	crf_bank
01_AE.VN.97.97VNHCM345.FJ185244	crf_bank
01_AE.JP.1993.93JP_NH1.AB052995	crf_bank
01_AE.JP.1993.NH25_93JPNH25T_93JP_NH2_5T.AB070352	crf_bank
01_AE.TH.1993.93TH051.AB220944	crf_bank
01_AE.TH.1993.93TH054.AB220945	crf_bank
01_AE.TH.1993.93TH060.AB220946	crf_bank
01_AE.TH.1993.93TH062.AB220947	crf_bank
01_AE.TH.1993.93TH065.AB220948	crf_bank
01_AE.JP.-.DR0492.AB253423	crf_bank
01_AE.TH.1993.93TH057.AB253424	crf_bank
01_AE.TH.1993.93TH057.AB253425	crf_bank
01_AE.JP.-.DR6824.AB253426	crf_bank
01_AE.JP.-.DR6824.AB253427	crf_bank
01_AE.JP.-.DR1741.AB253635	crf_bank
01_AE.JP.-.DR1741.AB253636	crf_bank
01_AE.JP.-.DR1741.AB253637	crf_bank
01_AE.JP.-.DR1741.AB253638	crf_bank
01_AE.JP.-.DR1741.AB253639	crf_bank
01_AE.JP.-.DR1741.AB253640	crf_bank
01_AE.JP.-.DR1741.AB253641	crf_bank
01_AE.JP.-.DR1741.AB253642	crf_bank
01_AE.JP.-.DR1741.AB253643	crf_bank
01_AE.JP.-.DR1741.AB253644	crf_bank
01_AE.JP.-.DR1741.AB253645	crf_bank
01_AE.JP.-.DR1741.AB253646	crf_bank
01_AE.JP.-.DR1873.AB253647	crf_bank
01_AE.JP.-.DR1873.AB253648	crf_bank
01_AE.JP.-.DR1873.AB253649	crf_bank
01_AE.JP.-.DR1873.AB253650	crf_bank
01_AE.JP.-.DR1873.AB253651	crf_bank
01_AE.JP.-.DR1873.AB253652	crf_bank
01_AE.JP.-.DR1873.AB253653	crf_bank
01_AE.JP.-.DR1873.AB253654	crf_bank
01_AE.JP.-.DR1873.AB253655	crf_bank
01_AE.JP.2000.DR1873.AB253656	crf_bank
01_AE.JP.-.DR1873.AB253657	crf_bank
01_AE.JP.-.DR1873.AB253658	crf_bank
01_AE.JP.-.DR2594.AB253659	crf_bank
01_AE.JP.-.DR2594.AB253660	crf_bank
01_AE.JP.-.DR2594.AB253661	crf_bank
01_AE.JP.-.DR2594.AB253662	crf_bank
01_AE.JP.-.DR2594.AB253663	crf_bank
01_AE.JP.-.DR2594.AB253664	crf_bank
01_AE.JP.-.DR2594.AB253665	crf_bank
01_AE.JP.-.DR2594.AB253666	crf_bank
01_AE.JP.-.DR2594.AB253667	crf_bank
01_AE.JP.-.DR2594.AB253668	crf_bank
01_AE.JP.-.DR3730.AB253669	crf_bank
01_AE.JP.-.DR3730.AB253670	crf_bank
01_AE.JP.-.DR3730.AB253671	crf_bank
01_AE.JP.-.DR3730.AB253672	crf_bank
01_AE.JP.-.DR3730.AB253673	crf_bank
01_AE.JP.-.DR3730.AB253674	crf_bank
01_AE.JP.-.DR3730.AB253675	crf_bank
01_AE.JP.-.DR3730.AB253676	crf_bank
01_AE.JP.-.DR3730.AB253677	crf_bank
01_AE.JP.-.DR3730.AB253678	crf_bank
01_AE.JP.-.DR3730.AB253679	crf_bank
01_AE.JP.-.DR3730.AB253680	crf_bank
01_AE.JP.-.DR0492.AB253681	crf_bank
01_AE.JP.-.DR0492.AB253682	crf_bank
01_AE.JP.-.DR0492.AB253683	crf_bank
01_AE.JP.-.DR0492.AB253684	crf_bank
01_AE.JP.-.DR0492.AB253685	crf_bank
01_AE.JP.-.DR0492.AB253686	crf_bank
01_AE.JP.-.DR0492.AB253687	crf_bank
01_AE.JP.-.DR0492.AB253688	crf_bank
01_AE.JP.-.DR0492.AB253689	crf_bank
01_AE.JP.-.DR0492.AB253690	crf_bank
01_AE.JP.-.DR0492.AB253691	crf_bank
01_AE.JP.-.DR1236.AB253692	crf_bank
01_AE.JP.-.DR1236.AB253693	crf_bank
01_AE.JP.-.DR1236.AB253694	crf_bank
01_AE.JP.-.DR1236.AB253695	crf_bank
01_AE.JP.-.DR1236.AB253696	crf_bank
01_AE.JP.-.DR1236.AB253697	crf_bank
01_AE.JP.-.DR1236.AB253698	crf_bank
01_AE.JP.-.DR1236.AB253699	crf_bank
01_AE.JP.-.DR1236.AB253700	crf_bank
01_AE.JP.-.DR1236.AB253701	crf_bank
01_AE.JP.-.DR1236.AB253702	crf_bank
01_AE.JP.-.DR2192.AB253703	crf_bank
01_AE.JP.-.DR2192.AB253704	crf_bank
01_AE.JP.-.DR2192.AB253705	crf_bank
01_AE.JP.-.DR2192.AB253706	crf_bank
01_AE.JP.-.DR2192.AB253707	crf_bank
01_AE.JP.-.DR2192.AB253708	crf_bank
01_AE.JP.-.DR2192.AB253709	crf_bank
01_AE.JP.-.DR2192.AB253710	crf_bank
01_AE.JP.-.DR2192.AB253711	crf_bank
01_AE.JP.-.DR2192.AB253712	crf_bank
01_AE.JP.-.DR2192.AB253713	crf_bank
01_AE.JP.-.DR2192.AB253714	crf_bank
01_AE.JP.-.DR2192.AB253715	crf_bank
01_AE.JP.-.DR2192.AB253716	crf_bank
01_AE.JP.-.DR5032.AB253717	crf_bank
01_AE.JP.-.DR5032.AB253718	crf_bank
01_AE.JP.-.DR5032.AB253719	crf_bank
01_AE.JP.-.DR5032.AB253720	crf_bank
01_AE.JP.-.DR5032.AB253721	crf_bank
01_AE.JP.-.DR5032.AB253722	crf_bank
01_AE.JP.-.DR5032.AB253723	crf_bank
01_AE.JP.-.DR5032.AB253724	crf_bank
01_AE.JP.-.DR5032.AB253725	crf_bank
01_AE.ID.1993.ID17.AB485652	crf_bank
01_AE.ID.1993.ID17.AB485653	crf_bank
01_AE.TH.-.NP03.AB485654	crf_bank
01_AE.TH.-.NP03.AB485655	crf_bank
01_AE.JP.-.JRC77AE.AB565503	crf_bank
01_AE.JP.-.JRC77AE.AB565504	crf_bank
01_AE.TH.1993.93TH057.AF197338	crf_bank
01_AE.TH.1993.93TH065.AF197339	crf_bank
01_AE.TH.1990.CM235.AF259954	crf_bank
01_AE.TH.1990.CM235.AF259955	crf_bank
01_AE.CN.1997.97CNGX2F_97CNGX_2F.AY008714	crf_bank
01_AE.CN.1997.97CNGX_11F.AY008718	crf_bank
01_AE.TH.2002.OUR737I.AY358037	crf_bank
01_AE.TH.2001.OUR674I.AY358038	crf_bank
01_AE.TH.1999.OUR164I.AY358045	crf_bank
01_AE.TH.2000.OUR201I.AY358046	crf_bank
01_AE.TH.1999.OUR202I.AY358047	crf_bank
01_AE.TH.1999.OUR203I.AY358048	crf_bank
01_AE.TH.1999.OUR258I.AY358049	crf_bank
01_AE.TH.1999.OUR008I.AY358065	crf_bank
01_AE.TH.2000.OUR200I.AY358066	crf_bank
01_AE.TH.1990.90TH_CM244.AY713425	crf_bank
01_AE.TH.2000.00TH_C4382.AY945725	crf_bank
01_AE.JP.1993.93JP_NH1.BD187399	crf_bank
01_AE.TH.2004.BKD.DQ314731	crf_bank
01_AE.TH.1996.M114.DQ354117	crf_bank
01_AE.CN.2006.Fj061.EF036536	crf_bank
01_AE.VN.1998.98VNBG4.FJ185228	crf_bank
01_AE.VN.1998.98VNBG5.FJ185229	crf_bank
01_AE.VN.1998.98VNBG6.FJ185230	crf_bank
01_AE.VN.1998.98VNBG7.FJ185231	crf_bank
01_AE.VN.1998.98VNHD9.FJ185232	crf_bank
01_AE.VN.1998.98VNHD10.FJ185233	crf_bank
01_AE.VN.1998.98VNHD11.FJ185234	crf_bank
01_AE.VN.1998.98VNND15.FJ185235	crf_bank
01_AE.VN.1998.98VNND17.FJ185236	crf_bank
01_AE.VN.1997.97VNHCM301.FJ185237	crf_bank
01_AE.VN.1997.97VNHCM302.FJ185238	crf_bank
01_AE.VN.1997.97VNHCM303.FJ185239	crf_bank
01_AE.VN.1997.97VNHCM310.FJ185240	crf_bank
01_AE.VN.1997.97VNHCM343.FJ185243	crf_bank
01_AE.VN.1997.97VNAG201.FJ185245	crf_bank
01_AE.VN.1997.97VNAG202.FJ185246	crf_bank
01_AE.VN.1997.97VNAG208.FJ185250	crf_bank
01_AE.VN.1997.97VNAG214.FJ185253	crf_bank
01_AE.VN.1997.97VNAG216.FJ185254	crf_bank
01_AE.VN.1997.97VNAG220.FJ185256	crf_bank
01_AE.VN.1997.97VNAG221.FJ185257	crf_bank
01_AE.VN.1997.97VNAG223.FJ185258	crf_bank
01_AE.VN.1997.97VNHCM306.FJ185259	crf_bank
01_AE.VN.1997.97VNHCM309.FJ185260	crf_bank
01_AE.CN.2005.05GX012.GU564223	crf_bank
01_AE.CN.2005.05GX014.GU564225	crf_bank
01_AE.CN.2005.05GX156.GU564228	crf_bank
01_AE.TH.2005.05TH127331.JN248338	crf_bank
01_AE.CN.2010.CYM139.JX112802	crf_bank
01_AE.CN.2010.CYM149.JX112806	crf_bank
01_AE.CN.2007.FJ070037.JX112815	crf_bank
01_AE.CN.2007.FJ070039.JX112816	crf_bank
01_AE.CN.2007.GD070083.JX112822	crf_bank
01_AE.CN.2007.GD070176.JX112828	crf_bank
01_AE.CN.2007.GZ070015.JX112841	crf_bank
01_AE.CN.2007.GZ070016.JX112842	crf_bank
01_AE.CN.2010.JL100007.JX112847	crf_bank
01_AE.CN.2010.JL100014.JX112848	crf_bank
01_AE.CN.2007.JS071004.JX112852	crf_bank
01_AE.CN.2007.LN070010.JX112855	crf_bank
01_AE.CN.2006.SC070062.JX112857	crf_bank
01_AE.CN.2006.SC070064.JX112858	crf_bank
01_AE.CN.2007.TJ070003.JX112859	crf_bank
01_AE.CN.2002.YN0203.JX112860	crf_bank
01_AE.CN.2002.YN0225.JX112862	crf_bank
01_AE.CN.2002.YN0232.JX112864	crf_bank
01_AE.CN.2002.YN0235.JX112865	crf_bank
01_AE.CN.2009.ZK052.JX112869	crf_bank
01_AE.TH.2006.AA002a_WG1.JX446666	crf_bank
01_AE.TH.2005.AA004a_WG12.JX446710	crf_bank
01_AE.TH.2005.AA004a_wg1.JX446711	crf_bank
01_AE.TH.2005.AA004a_wg2.JX446713	crf_bank
01_AE.TH.2005.AA004a_wg3.JX446714	crf_bank
01_AE.TH.2005.AA004a_wg4.JX446715	crf_bank
01_AE.TH.2005.AA004a_wg5.JX446716	crf_bank
01_AE.TH.2005.AA004a_wg6.JX446717	crf_bank
01_AE.TH.2005.AA004a_wg7.JX446718	crf_bank
01_AE.TH.2005.AA004a_wg8.JX446719	crf_bank
01_AE.TH.2006.AA006a03.JX446737	crf_bank
01_AE.TH.2008.AA007a_WG1.JX446755	crf_bank
01_AE.TH.2008.AA007a_WG11.JX446757	crf_bank
01_AE.TH.2008.AA007a_WG12.JX446758	crf_bank
01_AE.TH.2008.AA007a_WG13.JX446759	crf_bank
01_AE.TH.2008.AA007a_WG14.JX446760	crf_bank
01_AE.TH.2008.AA007a_WG2.JX446761	crf_bank
01_AE.TH.2008.AA007a_WG6.JX446763	crf_bank
01_AE.TH.2008.AA007a_WG7.JX446764	crf_bank
01_AE.TH.2008.AA013a05.JX446848	crf_bank
01_AE.TH.2008.AA013a03.JX446849	crf_bank
01_AE.TH.2008.AA013a02.JX446851	crf_bank
01_AE.TH.2008.AA013a01.JX446852	crf_bank
01_AE.TH.2006.AA014a05.JX446853	crf_bank
01_AE.TH.2006.AA014a02.JX446854	crf_bank
01_AE.TH.2006.AA014a03.JX446856	crf_bank
01_AE.TH.2006.AA017a_wg2.JX446900	crf_bank
01_AE.TH.2006.AA017a_wg3.JX446901	crf_bank
01_AE.TH.2006.AA017a_wg4.JX446902	crf_bank
01_AE.TH.2006.AA017a_wg5.JX446903	crf_bank
01_AE.TH.2007.AA019a_WG1.JX446916	crf_bank
01_AE.TH.2007.AA019a_WG12.JX446919	crf_bank
01_AE.TH.2007.AA019a_WG2.JX446920	crf_bank
01_AE.TH.2007.AA019a_WG3.JX446921	crf_bank
01_AE.TH.2007.AA019a_WG4.JX446922	crf_bank
01_AE.TH.2007.AA019a_WG5.JX446923	crf_bank
01_AE.TH.2007.AA019a_WG7.JX446924	crf_bank
01_AE.TH.2007.AA019a_WG8.JX446925	crf_bank
01_AE.TH.2007.AA019a_WG9.JX446926	crf_bank
01_AE.TH.2007.AA024a10.JX446987	crf_bank
01_AE.TH.2007.AA024a11.JX446988	crf_bank
01_AE.TH.2007.AA024a07.JX446990	crf_bank
01_AE.TH.2007.AA024a06.JX446991	crf_bank
01_AE.TH.2007.AA024a05.JX446992	crf_bank
01_AE.TH.2007.AA024a09.JX446993	crf_bank
01_AE.TH.2007.AA024a04.JX446994	crf_bank
01_AE.TH.2007.AA024a03.JX446995	crf_bank
01_AE.TH.2007.AA024a02.JX446996	crf_bank
01_AE.TH.2004.AA027a_wg1.JX447018	crf_bank
01_AE.TH.2004.AA027a_wg2.JX447019	crf_bank
01_AE.TH.2004.AA027a_wg3.JX447020	crf_bank
01_AE.TH.2004.AA027a_wg5.JX447022	crf_bank
01_AE.TH.2004.AA027a_wg6.JX447023	crf_bank
01_AE.TH.2004.AA027a_wg7.JX447024	crf_bank
01_AE.TH.2004.AA027a_wg1a.JX447025	crf_bank
01_AE.TH.2004.AA027a_wg2a.JX447026	crf_bank
01_AE.TH.2004.AA027a_wg3a.JX447027	crf_bank
01_AE.TH.2007.AA028a_wg4.JX447029	crf_bank
01_AE.TH.2007.AA028a_wg5.JX447030	crf_bank
01_AE.TH.2007.AA028a_wg7.JX447031	crf_bank
01_AE.TH.2007.AA028a_wg9.JX447032	crf_bank
01_AE.TH.2007.AA030a08.JX447054	crf_bank
01_AE.TH.2007.AA030a05.JX447055	crf_bank
01_AE.TH.2007.AA030a06.JX447056	crf_bank
01_AE.TH.2007.AA030a03.JX447058	crf_bank
01_AE.TH.2007.AA030a01.JX447059	crf_bank
01_AE.TH.2007.AA030a02.JX447060	crf_bank
01_AE.TH.2007.AA030a09.JX447061	crf_bank
01_AE.TH.2007.AA030a12.JX447062	crf_bank
01_AE.TH.2007.AA031a01.JX447063	crf_bank
01_AE.TH.2007.AA031a04.JX447065	crf_bank
01_AE.TH.2007.AA031a05.JX447066	crf_bank
01_AE.TH.2007.AA031a06.JX447067	crf_bank
01_AE.TH.2008.AA032a01.JX447072	crf_bank
01_AE.TH.2008.AA032a02.JX447073	crf_bank
01_AE.TH.2008.AA032a05.JX447075	crf_bank
01_AE.TH.2008.AA032a03.JX447076	crf_bank
01_AE.TH.2005.AA033a_wg1.JX447077	crf_bank
02_AG.CM.2002.02CM_1970LE.AY371128	crf_bank
02_AG.GH.2021.KBH77-GH.OQ121901	crf_bank
02_AG.GH.2021.KBH71-GH.OQ121897	crf_bank
02_AG.BE.16.BC.MN485999	crf_bank
02_AG.SE.11.SE602024.KP411845	crf_bank
02_AG.PK.15.PK024.KX232616	crf_bank
02_AG.SE.2011.SE602020.KP411844	crf_bank
02_AG.GH.2022.KBH90-GH.OQ121913	crf_bank
02_AG.GB.13.15228_1_71.3.MF109709	crf_bank
02_AG.GH.2021.KBH84-GH.OQ121907	crf_bank
02_AG.GW.14.DE00214GW005.MH078542	crf_bank
02_AG.CM.10.LB006_1.MK086132	crf_bank
02_AG.SE.11.SE602019.KP411843	crf_bank
02_AG.CY.09.CY256.JF683799	crf_bank
02_AG.NG.10.10NG020065.KX389621	crf_bank
02_AG.GH.2021.KBH53-GH.OQ121883	crf_bank
02_AG.GH.2020.KBH46-GH.OQ121877	crf_bank
02_AG.x.00.LA12FroG.KU168267	crf_bank
02_AG.CM.11.11CMLB115.MT349415	crf_bank
02_AG.NG.09.09NG_SC24.JN248585	crf_bank
02_AG.GH.2020.KBH45-GH.OQ121876	crf_bank
02_AG.CD.2017.33.PX241584	crf_bank
02_AG.GW.14.DE00214GW002.MH078541	crf_bank
02_AG.GH.2022.EHC003-GH.OQ121845	crf_bank
02_AG.CM.08.08CMBDSH9.MN153494	crf_bank
02_AG.GB.14.13612_1_7.4.MF109432	crf_bank
02_AG.PK.2015.PK035.KX232625	crf_bank
02_AG.CY.09.CY247.JF683792	crf_bank
02_AG.CM.15.DE00215CM060.MT222937	crf_bank
02_AG.GW.14.DE00214GW043.MT222961	crf_bank
02_AG.NG.11.DE00211NG010.KY953198	crf_bank
02_AG.NG.10.10NG030161.KX389610	crf_bank
02_AG.CI.16.DEURF16CI022.MH078539	crf_bank
02_AG.GH.03.03GH197AG.AB286863	crf_bank
02_AG.CM.06.06CMARC10.MN153479	crf_bank
02_AG.NG.12.12NG060418.KX389649	crf_bank
02_AG.GW.14.DE00214GW009.MH078544	crf_bank
02_AG.US.09.Pt5_JA_DNA_end4_1.ON015282	crf_bank
02_AG.CM.10.DE00210CM013.KF859739	crf_bank
02_AG.CM.01.01CM_0126MA.GU201499	crf_bank
02_AG.CD.2017.193.PX241642	crf_bank
02_AG.NG.11.DE00211NG009.KY953197	crf_bank
02_AG.RU.2015.RU_ERS_2992_2015.MZ427751	crf_bank
02_AG.CY.18.CY538.ON989290	crf_bank
02_AG.NG.06.06NG_SC11.JN248580	crf_bank
02_AG.CM.2001.NYU2140_1.MK086124	crf_bank
02_AG.GW.14.DE00214GW018_6965.MK397970	crf_bank
02_AG.SN.13.9580.KT223760	crf_bank
02_AG.GH.2022.KBH101-GH.OQ121854	crf_bank
02_AG.BE.19.DB.MT417738	crf_bank
02_AG.PK.15.PK032.KX232622	crf_bank
02_AG.CD.2017.18CD-0607.PX241720	crf_bank
02_AG.GH.2021.KBH56-GH.OQ121885	crf_bank
02_AG.SN.13.5294.KT223759	crf_bank
02_AG.GH.2020.KBH02-GH.OQ121846	crf_bank
02_AG.GH.2020.KBH08-GH.OQ121851	crf_bank
02_AG.GH.2021.KBH73-GH.OQ121899	crf_bank
02_AG.SE.14.098GN.MF373200	crf_bank
02_AG.CM.01.01CM_0925MO.AY371134	crf_bank
02_AG.KR.2004.04MHI10.JQ316137	crf_bank
02_AG.CM.10.DE00210CM019.KU749419	crf_bank
02_AG.FR.2015.CODb4_12.OP994793	crf_bank
02_AG.CM.08.08CMBDSH131.MN153486	crf_bank
02_AG.GH.2020.KBH31-GH.OQ121869	crf_bank
02_AG.CD.2017.65.PX241599	crf_bank
02_AG.CM.06.06CMARC11.MN153480	crf_bank
02_AG.CM.02.02CM_0014BBY.AY371126	crf_bank
02_AG.ES.10.P2648.MK177825	crf_bank
02_AG.GB.14.14592_1_56.3.MF109550	crf_bank
02_AG.UG.10.DEURF10UG006.KF716488	crf_bank
02_AG.GH.2020.KBH24-GH.OQ121863	crf_bank
02_AG.NG.x.IBNG.L39106	crf_bank
02_AG.GH.2021.KBH85-GH.OQ121908	crf_bank
02_AG.CM.10.LB095_1.MK086113	crf_bank
02_AG.ES.06.P1423.EU884501	crf_bank
03_A6B.RU.98.RU98001_98RU001.AF193277_syn2_yr2006	crf_bank
03_A6B.GB.13.13774_1_51.3.MF109476_syn1_yr2014	crf_bank
04_cpx.GR.2000.Read6_HIV_CRF04_cpx.KX228822	crf_bank
04_cpx.CY.05.CY081.FJ388917	crf_bank
05_DF.CD.2018.CD19-0731.PX241772_syn1_yr2020	crf_bank
05_DF.BE.x.VI1310.AF193253	crf_bank
06_cpx.GH.2020.KBH22-GH.OQ121861	crf_bank
06_cpx.CN.18.11_047.MW693026	crf_bank
06_cpx.CY.17.CY422.ON989230	crf_bank
06_cpx.GH.2021.KBH78-GH.OQ121902	crf_bank
06_cpx.RU.2005.04RU001.DQ400856	crf_bank
06_cpx.CY.2019.CY612.ON989334	crf_bank
06_cpx.NG.10.10NG030498.KX389609	crf_bank
07_BC.CN.2021.94881.PQ877743	crf_bank
07_BC.CN.2022.96376.PQ877854	crf_bank
07_BC.CN.2021.94035.PQ877835	crf_bank
07_BC.CN.2023.96558.PQ877789	crf_bank
07_BC.CN.2021.94390.PQ877845	crf_bank
07_BC.CN.2020.91847.PQ877856	crf_bank
07_BC.CN.2023.96889.PQ877849	crf_bank
07_BC.CN.2020.92336.PQ877844	crf_bank
07_BC.CN.2019.90031.PQ877815	crf_bank
07_BC.CN.2023.96578.PQ877863	crf_bank
07_BC.CN.2023.97000.PQ877841	crf_bank
07_BC.CN.2022.96037.PQ877842	crf_bank
07_BC.CN.2021.94620.PQ877747	crf_bank
07_BC.CN.2021.93283.PQ877757	crf_bank
07_BC.CN.2022.96005.PQ877851	crf_bank
07_BC.CN.2021.94598.PQ877749	crf_bank
07_BC.CN.2024.116866_44.PV207468	crf_bank
07_BC.CN.2021.95024.PQ877739	crf_bank
07_BC.CN.2021.94207.PQ877770	crf_bank
07_BC.CN.2019.90050.PQ877816	crf_bank
07_BC.CN.2021.94693.PQ877746	crf_bank
07_BC.CN.2021.93609.PQ877834	crf_bank
07_BC.CN.2023.113769_6.PV207398	crf_bank
07_BC.CN.2022.98515_348.PV136294	crf_bank
07_BC.CN.2020.91177.PQ877830	crf_bank
07_BC.CN.2023.112739_59.PV136391	crf_bank
07_BC.CN.2021.94592.PQ877833	crf_bank
07_BC.CN.2020.92146.PQ877817	crf_bank
07_BC.CN.2023.96982.PQ877786	crf_bank
07_BC.CN.2023.96923.PQ877850	crf_bank
07_BC.CN.2019.90115.PQ877813	crf_bank
07_BC.CN.2023.113769_92.PV207401	crf_bank
07_BC.CN.2024.121395_32.PV207509	crf_bank
07_BC.CN.2024.119400_61.PV136423	crf_bank
07_BC.CN.2021.94823.PQ877744	crf_bank
07_BC.CN.2020.92367.PQ877821	crf_bank
07_BC.CN.2022.98791_440.PV136302	crf_bank
07_BC.CN.06.Sichuan_2006_SC006.JX392378	crf_bank
07_BC.CN.2024.117069_65.PV207469	crf_bank
07_BC.CN.2021.94909.PQ877742	crf_bank
07_BC.CN.2022.96156.PQ877837	crf_bank
07_BC.CN.2021.94933.PQ877740	crf_bank
07_BC.CN.2024.121395_64.PV207516	crf_bank
07_BC.CN.07.xj070241.KF250385	crf_bank
07_BC.CN.2024.116323_64.PV207464	crf_bank
07_BC.CN.2023.96710.PQ877777	crf_bank
07_BC.CN.18.JX_GZ_27_M_SG_6.MT611505	crf_bank
07_BC.CN.2022.96313.PQ877838	crf_bank
07_BC.CN.2020.91723.PQ877826	crf_bank
07_BC.CN.2021.93924.PQ877766	crf_bank
07_BC.TW.13.pCRF07.KF234628	crf_bank
07_BC.CN.2023.96729.PQ877848	crf_bank
07_BC.CN.2023.99424_98.PV136337	crf_bank
07_BC.CN.07.HB070037.KF250373	crf_bank
07_BC.CN.2023.96868.PQ877781	crf_bank
07_BC.CN.2022.98515_45.PV136287	crf_bank
07_BC.CN.2022.96088.PQ877794	crf_bank
07_BC.CN.2021.93946.PQ877767	crf_bank
07_BC.CN.2022.98515_212.PV136289	crf_bank
07_BC.CN.2023.113769_54.PV207397	crf_bank
07_BC.CN.2024.119400_41.PV136422	crf_bank
07_BC.CN.2024.121395_48.PV207514	crf_bank
07_BC.CN.2022.96141.PQ877799	crf_bank
07_BC.CN.2023.96591.PQ877771	crf_bank
07_BC.CN.2023.113538_79.PV136396	crf_bank
07_BC.CN.2023.96748.PQ877779	crf_bank
07_BC.CN.2022.96375.PQ877807	crf_bank
07_BC.CN.2021.93884.PQ877860	crf_bank
07_BC.CN.2024.121395_47.PV207513	crf_bank
07_BC.CN.2006.SC070059.KF250376	crf_bank
07_BC.CN.2022.95790.PQ877804	crf_bank
07_BC.CN.2021.93597.PQ877760	crf_bank
07_BC.CN.2022.98818_207.PV136326	crf_bank
07_BC.CN.2023.113769_15.PV207392	crf_bank
07_BC.CN.2022.96123.PQ877797	crf_bank
07_BC.CN.2023.112739_62.PV207380	crf_bank
07_BC.CN.2020.92148.PQ877858	crf_bank
07_BC.CN.2024.115159_11.PV207445	crf_bank
07_BC.CN.2022.96176.PQ877865	crf_bank
07_BC.CN.2022.96314.PQ877805	crf_bank
07_BC.CN.2023.116154_142.PV136410	crf_bank
07_BC.CN.2024.121262_17.PV207504	crf_bank
07_BC.CN.2021.94546.PQ877751	crf_bank
07_BC.CN.2019.90145.PQ877792	crf_bank
07_BC.CN.2022.98642_340.PV136296	crf_bank
07_BC.CN.2020.91846.PQ877828	crf_bank
07_BC.CN.2023.105236_380.PV136359	crf_bank
07_BC.CN.2005.pXJDC6441-2.EF420986	crf_bank
07_BC.CN.2023.96823.PQ877780	crf_bank
07_BC.CN.2021.94072.PQ877768	crf_bank
07_BC.CN.2021.93752.PQ877761	crf_bank
07_BC.CN.2021.93896.PQ877764	crf_bank
07_BC.CN.2021.95037.PQ877738	crf_bank
07_BC.GB.14.14592_1_61.3.MF109555	crf_bank
08_BC.CN.2023.114442_1.PV207411	crf_bank
08_BC.CN.07.07CNYN328.KF835515	crf_bank
08_BC.MM.13.mSSDU220.KU820840	crf_bank
08_BC.CN.2024.116167_18.PV207461	crf_bank
08_BC.CN.07.GD070077.KF250369	crf_bank
08_BC.CN.07.07CNYN363.KF835541	crf_bank
08_BC.CN.07.07CNYN306.KF835495	crf_bank
08_BC.CN.07.07CNYN350.KF835531	crf_bank
08_BC.CN.07.07CNYN307.KF835496	crf_bank
08_BC.CN.2007.2007CNGX_HK.KF312642	crf_bank
08_BC.CN.2000.p00CH-HH090_08_BC02.AB773884	crf_bank
08_BC.CN.07.07CNYN346.KF835530	crf_bank
08_BC.CN.07.07CNYN320.KF835507	crf_bank
08_BC.CN.2024.115491_93.PV207449	crf_bank
08_BC.CN.2007.07CNYN321.KF835508	crf_bank
08_BC.CN.2023.114442_117.PV207412	crf_bank
08_BC.CN.2017.HIV_RLR32.PV879566	crf_bank
09_cpx.CI.00.00IC_10092.AJ866553_syn1_yr2001	crf_bank
09_cpx.US.99.99DE4057.AY093607	crf_bank
10_CD.TZ.96.96TZ_BF110.AF289550_syn3_yr2023	crf_bank
10_CD.TZ.96.96TZ_BF071.AF289549	crf_bank
11_cpx.SE.16.104CM.MF373206	crf_bank
11_cpx.CM.08.1252_11.KP718929	crf_bank
11_cpx.CD.2017.18CD-0026.PX241671	crf_bank
11_cpx.CM.11.DEURF11CM015.KP109503	crf_bank
11_cpx.GR.x.GR17.AF179368	crf_bank
11_cpx.CM.02.A1774.KP718935	crf_bank
11_cpx.CM.04.1230_24.KP718938	crf_bank
11_cpx.CM.06.263_26.KP718914	crf_bank
12_BF.AR.1999.A047.AF408627	crf_bank
12_BF.CN.18.10_097.MT712270	crf_bank
12_BF.AR.1997.A050.AF408631	crf_bank
12_BF.AR.1999.A027.AF332867	crf_bank
13_cpx.CM.02.02CM_A1394.DQ845388	crf_bank
13_cpx.GB.14.13612_1_33.3.MF109417	crf_bank
13_cpx.CM.04.04CM_173_9.DQ845386	crf_bank
14_BG.ES.2004.X1118_4.FJ670517	crf_bank
14_BG.CY.17.CY394.ON989215	crf_bank
14_BG.ES.2005.DE01405BR001.JX140649	crf_bank
14_BG.ES.2005.DE01405ES002.KC473837	crf_bank
15_01B.TH.02.02TH_OUR1332.AF529573	crf_bank
15_01B.TH.99.99TH_R2399.AF530576	crf_bank
16_A2D.KR.1992.92GWR10-19029.OQ703773	crf_bank
16_A2D.KE.05.05KE725124V4.KT022406	crf_bank
17_BF1.PY.02.PY02_PSP0073.EU581824	crf_bank
17_BF1.AR.02.AR02_ARG2233.EU581826	crf_bank
18_cpx.CU.99.CU76.AY586540	crf_bank
18_cpx.CU.99.CU68.AY894993	crf_bank
19_cpx.ES.14.EUR_0041.KU685582_syn1_yr2019	crf_bank
19_cpx.CU.99.CU29.AY588971_syn2_yr2024	crf_bank
20_BG.US.2018.5108_wk-2_5_J15.MW062989	crf_bank
20_BG.ES.14.ARP1210.KT276270	crf_bank
20_BG.ES.99.R77.AY586544	crf_bank
20_BG.CU.03.CB134.DQ020274	crf_bank
20_BG.US.2018.5108_wk-2_5_B15.MW062987	crf_bank
20_BG.CU.99.Cu103.AY586545	crf_bank
20_BG.US.2018.5108_wk-2_5_M22.MW062991	crf_bank
20_BG.US.18.5108_wk_2_3_I20.MW062981	crf_bank
21_A2D.KE.91.KNH1254.AY945737_syn3_yr2005	crf_bank
21_A2D.KE.91.KNH1254.AY945737_syn1_yr2019	crf_bank
22_01A1.CM.2010.Read37_HIV_CRF22_01A1.KX228817	crf_bank
22_01A1.CM.01.01CM_0001BBY.AY371159	crf_bank
22_01A1.CM.10.10CMLB092.MT349413	crf_bank
22_01A1.CM.02.02CM_1867LE.AY371165	crf_bank
22_01A1.CM.2010.DE02210CM011.KF716461	crf_bank
22_01A1.CM.10.LB005.JN864050	crf_bank
23_BG.CU.03.CB347.AY900572_syn4_yr2005	crf_bank
23_BG.CU.03.CB118.AY900571_syn1_yr2016	crf_bank
24_BG.ES.2008.Read33_HIV_CRF24_BG.KX228813	crf_bank
24_BG.CU.03.CB378.AY900574	crf_bank
25_cpx.CM.01.101BA.DQ826726	crf_bank
25_cpx.CD.2018.CD19-0059.PX241744	crf_bank
26_A5U.CD.02.02CD_MBTB047.FM877782_syn2_yr2023	crf_bank
26_A5U.CD.02.02CD_LBTB084.FM877781	crf_bank
27_cpx.CD.03.CG_0077_01.MN116204_syn2_yr2005	crf_bank
27_cpx.CD.97.97CDKTB49.AJ404325_syn1_yr2020	crf_bank
28_BF1.BR.99.BREPM12313.DQ085872_syn1_yr2002	crf_bank
28_BF1.BR.99.BREPM12817.DQ085874	crf_bank
29_BF1.BR.02.BREPM119.AY771590	crf_bank
29_BF1.BR.05.0744SV.JF804814	crf_bank
31_BC.BR.04.04BR137.AY727526_syn3_yr2010	crf_bank
31_BC.BR.04.04BR137.AY727526_syn4_yr2016	crf_bank
32_06A6.EE.2002.EST2002_1169.DQ167215_syn3_yr2005	crf_bank
32_06A6.EE.06.A14.KM606632_syn2_yr2028	crf_bank
33_01B.MY.05.05MYKL007_1.DQ366659	crf_bank
33_01B.MY.2005.05MYKL045_1.GQ277610	crf_bank
34_01B.TH.99.OUR1969P.EF165539_syn3_yr2014	crf_bank
34_01B.TH.99.OUR2275P.EF165540_syn4_yr2008	crf_bank
35_A1D.AF.2006.051H.GQ477444	crf_bank
35_A1D.IR.11.11IR.KSH24F.AB703609	crf_bank
35_A1D.AF.2006.077H.GQ477442	crf_bank
35_A1D.IR.11.11IR.KSH29F.AB703611	crf_bank
35_A1D.AF.06.027H.GQ477451	crf_bank
35_A1D.AF.06.007H.GQ477450	crf_bank
35_A1D.AF.06.073H.GQ477445	crf_bank
36_cpx.CM.00.00CMNYU830.EF087994_syn3_yr2027	crf_bank
36_cpx.CM.00.00CMNYU1162.EF087995_syn4_yr2008	crf_bank
37_cpx.CM.97.CM53392.AF377957_syn2_yr2010	crf_bank
37_cpx.CM.00.00CMNYU926.EF116594_syn1_yr2026	crf_bank
38_BF1.UY.04.UY04_3987.FJ213781_syn1_yr2023	crf_bank
38_BF1.UY.05.UY05_4752.FJ213780	crf_bank
39_BF1.BR.03.03BRRJ327.EU735536_syn3_yr2008	crf_bank
39_BF1.BR.03.03BRRJ103.EU735534	crf_bank
40_BF1.BR.05.05BRRJ055.EU735537_syn2_yr2024	crf_bank
40_BF1.BR.04.04BRSQ46.EU735540_syn1_yr2028	crf_bank
41_CD.TZ.2003.CO6952V1.KX907430_syn3_yr2019	crf_bank
41_CD.TZ.05.CO6577V5.KX907411_syn2_yr2010	crf_bank
42_BF1.LU.05.luBF_16_05.EU170153	crf_bank
42_BF1.LU.2006.luBF_20_06.EU170141	crf_bank
42_BF1.LU.2003.luBF_07_03.EU170140	crf_bank
42_BF1.LU.2003.luBF_08_03.EU170147	crf_bank
42_BF1.LU.2006.luBF_19_06.EU170138	crf_bank
43_02G.GB.13.15171_1_18.3.MF109648_syn1_yr2016	crf_bank
43_02G.SA.03.J11223.EU697904_syn2_yr2025	crf_bank
44_BF1.CL.01.CH12.AY536235_syn3_yr2021	crf_bank
44_BF1.CL.01.CH12.AY536235_syn4_yr2018	crf_bank
45_cpx.CD.97.97CD_MBS30.FN392875	crf_bank
45_cpx.CD.2017.18CD-0577.PX241716	crf_bank
46_BF1.BR.01.01BR125.DQ358802	crf_bank
46_BF1.BR.07.07BR_FPS810.HM026459	crf_bank
47_BF1.ES.08.X2457_2.FJ670529_syn1_yr2026	crf_bank
47_BF1.BR.10.10BR_RJ026.KJ849798_syn2_yr2014	crf_bank
48_01B.MY.07.07MYKT016.GQ175882_syn3_yr2011	crf_bank
48_01B.MY.07.07MYKT021.GQ175883_syn1_yr2025	crf_bank
49_cpx.BW.98.BW2117.AF192135_syn2_yr2022	crf_bank
49_cpx.GM.03.N26677.HQ385479_syn3_yr2020	crf_bank
50_A1D.GB.03.33365.JN417239_syn1_yr2020	crf_bank
50_A1D.GB.00.8179.JN417236_syn2_yr2028	crf_bank
51_01B.MN.2009.08MNG4608.LC312713	crf_bank
51_01B.MY.11.11MYKL055.KJ485697	crf_bank
52_01B.MY.03.03MYKL018_1.DQ366664_syn3_yr2015	crf_bank
52_01B.TH.00.00TH_R1741.AY945734	crf_bank
53_01B.MY.10.10MYKJ079.JX390611_syn2_yr2026	crf_bank
53_01B.MY.10.10MYKJ067.JX390612	crf_bank
54_01B.MY.07.07MYKLD49.EU031915_syn3_yr2026	crf_bank
54_01B.MY.08.08MYKL044.JX390977_syn1_yr2018	crf_bank
55_01B.CN.2022.98553_169.PV136376	crf_bank
55_01B.CN.08.08CYM047.JF340054	crf_bank
55_01B.CN.15.BL1948_00.MW110768	crf_bank
55_01B.CN.2023.105084_265.PV136365	crf_bank
55_01B.CN.2022.98553_114.PV136371	crf_bank
55_01B.CN.2023.111308_20.PV207363	crf_bank
55_01B.CN.2011.ANHUI_FY64.KC183777	crf_bank
55_01B.CN.2011.11CN.GDDG325.KF927151	crf_bank
55_01B.CN.2023.105229_152.PV136367	crf_bank
56_cpx.CY.17.CY488.ON989265	crf_bank
56_cpx.CN.18.08_004.MW693027	crf_bank
57_BC.CN.09.YNFL37.KC870044	crf_bank
57_BC.CN.09.09YNLC496sg.KC898991	crf_bank
58_01B.MY.2011.11MY1EP794.KC522034	crf_bank
58_01B.MY.2011.11MY1EP794.KC522034_syn1_yr2027	crf_bank
59_01B.CN.09.09LNA423.JX960635	crf_bank
59_01B.CN.11.11CN.LNSY300876.KJ484434	crf_bank
59_01B.CN.2007.GX070051.KF011495	crf_bank
60_BC.FR.06.06FR_CRN.EU448296_syn1_yr2024	crf_bank
60_BC.GB.13.15228_1_80.3.MF109718	crf_bank
61_BC.CN.07.FJ070004.KC990125_syn2_yr2016	crf_bank
61_BC.CN.07.JL070009.KC990126	crf_bank
62_BC.CN.10.YNFL15.KC870035_syn3_yr2022	crf_bank
62_BC.CN.10.YNFL18.KC870037	crf_bank
63_02A6.RU.19.RU_ERS_3337_2019.MZ427775	crf_bank
63_02A6.RU.19.RU_ERS_3658_2019.MZ427729	crf_bank
63_02A6.RU.2024.KOD.PX653452	crf_bank
63_02A6.RU.18.RU_ERS_2577_2018.MZ427698	crf_bank
63_02A6.RU.13.RU_8501.KJ197202	crf_bank
63_02A6.RU.2012.BLG034.PP816229	crf_bank
63_02A6.RU.2023.23VLD104.PQ585413	crf_bank
63_02A6.RU.2023.23VLD079.PQ585411	crf_bank
63_02A6.RU.2019.RU_ERS_3578_2019.MZ427709	crf_bank
63_02A6.RU.2023.23VLD076.PQ585410	crf_bank
63_02A6.RU.10.10RU6637.JN230353	crf_bank
64_BC.CN.09.09YNLX219037sg.KC899009	crf_bank
64_BC.CN.10.YNFL22.KC870040	crf_bank
64_BC.CN.09.YNFL31.KC870042	crf_bank
65_cpx.CN.2009.YNFL05.KC870030	crf_bank
65_cpx.CN.15.JL15030.MH051841	crf_bank
66_BF1.ES.11.PV623909.OK011547	crf_bank
66_BF1.PY.02.02PY_PSP0093.JN251902	crf_bank
67_01B.CN.11.ANHUI_HF115.KC183779_syn4_yr2019	crf_bank
67_01B.CN.11.ANHUI_HF115.KC183779_syn3_yr2022	crf_bank
68_01B.CN.11.ANHUI_WH73.KC183782_syn1_yr2013	crf_bank
68_01B.CN.10.JS2010001.KF758551_syn2_yr2013	crf_bank
69_01B.JP.2004.04JP-5091K320.AB845345	crf_bank
69_01B.JP.05.05JPMYC113SP420.LC027100	crf_bank
70_BF1.BR.10.10BR_PE004.KJ849758_syn2_yr2027	crf_bank
70_BF1.BR.10.10BR_PE087.KJ849775_syn3_yr2019	crf_bank
71_BF1.BR.10.10BR_PE092.KJ849778	crf_bank
71_BF1.BR.10.10BR_PE088.KJ849776	crf_bank
71_BF1.BR.10.10BR_PE016.KJ849761	crf_bank
71_BF1.BR.10.10BR_PE064.KJ849769	crf_bank
72_BF1.BR.1999.99UFRJ_2.AY455780	crf_bank
72_BF1.BR.10.10BR_MG004.KJ671535	crf_bank
73_BG.ES.11.X3208.KM248765_syn4_yr2025	crf_bank
73_BG.ES.11.X3208.KM248765_syn3_yr2019	crf_bank
74_01B.MY.10.10MYPR268.KR019771_syn3_yr2025	crf_bank
74_01B.MY.10.10MYPR268.KR019771_syn2_yr2024	crf_bank
75_BF1.ES.17.P4837.MK341078_syn1_yr2018	crf_bank
75_BF1.IT.02.58736.GU595160	crf_bank
76_01B.JP.11.D8796.MN187300_syn3_yr2026	crf_bank
76_01B.JP.12.N628.MN187303_syn1_yr2020	crf_bank
77_cpx.MY.2014.14MYNBB164.KX673821_syn2_yr2018	crf_bank
77_cpx.MY.2014.14MYNBB084.KX673819	crf_bank
78_cpx.CN.13.YNTC88.KU161145_syn3_yr2027	crf_bank
78_cpx.CN.13.YNTC19.KU161143_syn2_yr2024	crf_bank
79_0107.CN.15.SX15JC12.KY216148_syn2_yr2023	crf_bank
79_0107.CN.19.B19459.MW732901	crf_bank
80_0107.CN.2011.YA285.MH843712_syn2_yr2024	crf_bank
80_0107.CN.2015.LS16437.OQ513606	crf_bank
81_cpx.BR.07.BRGO3001.MH986016_syn4_yr2017	crf_bank
81_cpx.BR.08.BRMT2526.MH986017_syn2_yr2022	crf_bank
82_cpx.MM.13.mSSDU75.KU820845_syn4_yr2022	crf_bank
82_cpx.MM.13.mSSDU160.KU820831_syn1_yr2025	crf_bank
83_cpx.MM.13.mSSDU94.KU820847_syn3_yr2015	crf_bank
83_cpx.MM.13.mSSDU151.KU820829	crf_bank
84_A1D.SE.14.094SE.MF373196_syn3_yr2024	crf_bank
84_A1D.SE.10.042SE.MF373153_syn2_yr2018	crf_bank
85_BC.CN.2020.C2_3766_Honghe_2020.PV184709	crf_bank
85_BC.CN.2020.C57_Kunming_2020.PV184705	crf_bank
85_BC.CN.14.14CN_SCYB18.KU992937	crf_bank
85_BC.CN.2020.C1_226_Kunming_2020.PV184679	crf_bank
85_BC.CN.14.14CN_SCYB3.KU992931	crf_bank
85_BC.CN.2020.4924_Honghe_2020.PV184713	crf_bank
85_BC.CN.2019.C1_A175_Zhaotong_2019.PV184699	crf_bank
85_BC.CN.2021.A104_Zhaotong_2021.PV184695	crf_bank
85_BC.CN.12.12YNHH21II.MK258684	crf_bank
85_BC.CN.2019.3173_Dali_2019.PV184683	crf_bank
85_BC.CN.2020.C1_23_Kunming_2020.PV184680	crf_bank
85_BC.CN.2020.4927_Honghe_2020.PV184714	crf_bank
85_BC.CN.2020.C1_A98_Zhaotong_2020.PV184703	crf_bank
85_BC.CN.2019.3749_Honghe_2019.PV185172	crf_bank
85_BC.CN.2020.4254_Kunming_2020.PV184689	crf_bank
86_BC.CN.13.15YNHS26.KX582251_syn3_yr2019	crf_bank
86_BC.CN.13.15YNHS26.KX582251_syn2_yr2023	crf_bank
87_cpx.CN.09.09YNRL215050sg.KC899012_syn3_yr2014	crf_bank
87_cpx.CN.12.DH32.KF250408_syn4_yr2022	crf_bank
88_BC.CN.05.05YNRL25sg.KC898979_syn3_yr2025	crf_bank
88_BC.CN.09.DH19.KF250402	crf_bank
89_BF1.ES.12.P3177.KX818200	crf_bank
89_BF1.ES.19.MS0360.MW802823	crf_bank
89_BF1.ES.20.TO0275.MW802824	crf_bank
90_BF1.BR.11.BRGO6043.KY628221	crf_bank
90_BF1.BR.07.BRGO3047.KY628216_syn1_yr2025	crf_bank
91_cpx.CY.2018.CY520.OK283057	crf_bank
91_cpx.CY.2017.CY467.OK584018	crf_bank
91_cpx.CY.2019.CY622.OK283060	crf_bank
92_C2U.CD.08.DRC699.MF372647	crf_bank
92_C2U.CD.08.DRC768.MF372644	crf_bank
93_cpx.CD.08.DRC653.MF372651_syn3_yr2011	crf_bank
93_cpx.CD.08.DRC367.MF372646_syn1_yr2025	crf_bank
94_cpx.FR.2015.20FR1015_MW74FOBV.MH683549	crf_bank
94_cpx.FR.16.32FR0916_MW94FOBV.MH141494_syn1_yr2019	crf_bank
95_02B.NG.15.20428v01.MH666155_syn3_yr2028	crf_bank
95_02B.NG.15.20268v01.MH666156_syn1_yr2024	crf_bank
96_cpx.CN.13.13YNBS66IDU.MG518477_syn3_yr2015	crf_bank
96_cpx.CN.10.JL.RF01.KF850149_syn1_yr2028	crf_bank
97_01B.LA.11.VI29M2888.MG760399_syn1_yr2015	crf_bank
97_01B.LA.12.VI20F5274.MG760386	crf_bank
98_06B.FR.14.C_Bordeaux.MH479276_syn4_yr2019	crf_bank
98_06B.FR.09.A_Bordeaux.MH479275_syn3_yr2018	crf_bank
99_BF1.BR.08.BRGO4013.MH986015_syn3_yr2019	crf_bank
99_BF1.BR.09.BRGO4056.MH986013_syn1_yr2023	crf_bank
100_01C.CN.13.YNLC30.MH909570_syn3_yr2020	crf_bank
100_01C.CN.13.YNLC27.MH909568_syn1_yr2025	crf_bank
101_01B.CN.07.07CNYN370.KF835546_syn3_yr2025	crf_bank
101_01B.CN.13.YNZT036.MK158945	crf_bank
102_0107.CN.17.FY058.MN178644_syn4_yr2023	crf_bank
102_0107.CN.17.FY058.MN178644_syn5_yr2028	crf_bank
103_01B.CN.17.BL3022_00.OP157185	crf_bank
103_01B.CN.15.HE150308.MH388438	crf_bank
103_01B.CN.17.BL3150_00.OP157189	crf_bank
104_0107.CN.2015.M62.MH396608_syn3_yr2022	crf_bank
104_0107.CN.15.SN139.MH396609_syn1_yr2026	crf_bank
105_0108.CN.17.LS17S0123.MN752126_syn1_yr2021	crf_bank
105_0108.CN.18.LS18S0127.MN752128	crf_bank
106_cpx.CN.14.14YN252.MT624745	crf_bank
106_cpx.CN.18.LC18S083.MT276999	crf_bank
106_cpx.CN.14.14YN526.MT624746	crf_bank
107_01B.CN.18.HL18S214.MT712389_syn2_yr2024	crf_bank
107_01B.CN.2018.HL18S37.MT712391_syn1_yr2019	crf_bank
108_BC.ES.18.P4977.MN172223_syn1_yr2021	crf_bank
108_BC.ES.16.P4439.MN172222	crf_bank
109_0107.CN.14.LS14250.MT919518_syn1_yr2028	crf_bank
109_0107.VN.2021.SP132.LC739526_syn2_yr2023	crf_bank
110_BC.CN.07.07CNYN338.KF835524_syn3_yr2015	crf_bank
110_BC.CN.09.09YNLC216031sg.KC898987_syn2_yr2019	crf_bank
111_01C.CN.16.16YN604.MT624752	crf_bank
111_01C.CN.16.YN16H18.MZ327298	crf_bank
112_01B.CN.2018.BL3797-00.MW018134_syn1_yr2024	crf_bank
112_01B.CN.x.278.OM974704	crf_bank
113_0107.CN.2019.BL3958-00.MW018136_syn2_yr2028	crf_bank
113_0107.CN.17.BL3128_00.MW018132	crf_bank
114_0155.CN.19.VCT19012.MN654109	crf_bank
114_0155.CN.19.B19155.MN654107	crf_bank
115_01C.CN.13.kang019a_NFL.KJ778895_syn4_yr2023	crf_bank
115_01C.CN.12.kang140_NFL.KJ778896_syn2_yr2018	crf_bank
116_0108.CN.16.16YN253.MT624749_syn3_yr2018	crf_bank
116_0108.CN.14.14YN264.MT624748_syn2_yr2024	crf_bank
117_0107.CN.14.MSM_LS10913.MZ076687_syn3_yr2015	crf_bank
117_0107.CN.17.17ZJ075.MK397789	crf_bank
118_BC.CN.17.YN287_168.MZ063029_syn2_yr2019	crf_bank
118_BC.CN.13.YN23II.MZ063027_syn1_yr2019	crf_bank
119_0107.CN.2017.nj82.MT347596	crf_bank
119_0107.CN.17.nj111.MT347589	crf_bank
120_0107.CN.15.HES_LS16846.OK662596_syn2_yr2027	crf_bank
120_0107.CN.2015.MSM-LS14873.OK662597_syn1_yr2026	crf_bank
121_0107.CN.2022.92715_1818.PV136285	crf_bank
121_0107.CN.11.JL.RF09.KJ184180	crf_bank
121_0107.CN.15.MSM_LS16178.MZ076689	crf_bank
122_BF1.ES.18.GA486085.OL982314_syn1_yr2025	crf_bank
122_BF1.ES.09.DEMBF09ES003.JX140660	crf_bank
123_0107.CN.20.HB010047.OM025084_syn3_yr2027	crf_bank
123_0107.CN.2020.HB010314.OM025085	crf_bank
124_cpx.AO.09.ANG.44.ON962803_syn3_yr2022	crf_bank
124_cpx.AO.09.ANG.78.ON962804_syn2_yr2028	crf_bank
125_0107.CN.2018.YNZTA173.ON054291_syn2_yr2025	crf_bank
125_0107.CN.2018.YNZTA178.ON054292_syn3_yr2026	crf_bank
126_0755.CN.21.210012.ON456387_syn2_yr2026	crf_bank
126_0755.CN.18.ZLQ00461.ON456389	crf_bank
127_07109.VN.2020.SP223.LC735411_syn3_yr2024	crf_bank
127_07109.VN.2021.SP164.LC735413_syn4_yr2024	crf_bank
128_07B.CN.18.12073_GD5543.ON751735_syn2_yr2019	crf_bank
128_07B.CN.18.12073_GD5543.ON751735_syn1_yr2022	crf_bank
129_56G.CY.2018.CY529.ON989285	crf_bank
129_56G.CY.19.CY625.ON989341	crf_bank
130_A1B.CY.17.CY413.ON989226	crf_bank
130_A1B.US.18.5112_wk_2_PL3_M7.MW059567	crf_bank
130_A1B.CY.17.CY397.OP781326	crf_bank
131_A1B.CY.20.CY710.OP781330_syn2_yr2027	crf_bank
131_A1B.CY.19.CY584.ON989320	crf_bank
132_94B.FR.2021.72FR0221_MW75FOBV.ON901790_syn1_yr2025	crf_bank
132_94B.FR.2021.66FR1121_MW78FOBV.ON901791	crf_bank
133_A6B.RU.18.KRS12_1.OP056069	crf_bank
133_A6B.RU.21.KRS263_1.OP056078	crf_bank
134_0107.CN.2021.21ZT301.OQ747191	crf_bank
134_0107.CN.2021.21ZT301.OQ747191_syn1_yr2027	crf_bank
135_0107.CN.2019.HLJ19002.OP758070	crf_bank
135_0107.CN.2018.HLJ18106.OP501672_syn1_yr2020	crf_bank
136_0107.CN.2017.HLJ17180.OP501679_syn3_yr2025	crf_bank
136_0107.CN.2016.HLJ16324.OP501677_syn2_yr2028	crf_bank
137_0107.CN.20.GD5519_ZLQ03672.OP716036	crf_bank
137_0107.CN.2019.GD5513_ZLQ00700.OP716034	crf_bank
137_0107.CN.18.GD5512_ZLQ00695.OP716033	crf_bank
138_cpx.CY.19.CY639.OP894080_syn2_yr2022	crf_bank
138_cpx.CM.11.CHU3903.KP718932	crf_bank
139_02B.JP.2022.NI2469_ACCRF4.LC762508_syn2_yr2027	crf_bank
139_02B.JP.2021.NI2446_ACCRF3.LC762507_syn1_yr2028	crf_bank
140_0107.CN.2020.2020.7_HB010104-FLG-2.OQ749392	crf_bank
140_0107.CN.2022.766.OR400997	crf_bank
140_0107.CN.2020.2020.9_HB100018-FLG-5.OQ749405	crf_bank
140_0107.CN.2020.HB010063.MW728361	crf_bank
140_0107.CN.2020.2020.9_HB100018-FLG-6.OQ749406	crf_bank
140_0107.CN.20.2020.9_HB100018_FLG_4.OQ749404	crf_bank
141_BF1.SE.15.103MK.MF373205_syn2_yr2023	crf_bank
141_BF1.BE.15.AM.MN485983	crf_bank
142_BC.CN.2021.21ZT314.PP074171_syn1_yr2028	crf_bank
142_BC.CN.2021.21ZT323.PP074172	crf_bank
143_cpx.CN.13.YNA40.OQ948241_syn3_yr2025	crf_bank
143_cpx.CN.21.YNA146.OQ948242	crf_bank
144_07C.CN.2020.JXGZ55MSH1487.OR117374	crf_bank
144_07C.CN.2020.JXGZ67FSH1587.OR117372	crf_bank
144_07C.CN.2020.JXGZ79MSH1753.OR117369	crf_bank
144_07C.CN.2021.JXGZ79MSH0208.OR117367	crf_bank
145_0755.CN.2015.15M58.PP271276	crf_bank
145_0755.CN.2020.20M023.PP271283	crf_bank
145_0755.CN.2019.19KMM043.PP271280	crf_bank
146_BC.BR.10.10BR_RJ009.KT427790	crf_bank
146_BC.ES.2019.MD_415247.PX661830	crf_bank
147_A6B.RU.17.KRS131_1.OP056075_syn3_yr2020	crf_bank
147_A6B.RU.2021.Kras204.PQ308251_syn1_yr2024	crf_bank
148_cpx.ES.2011.GA926358.PP024712_syn3_yr2025	crf_bank
148_cpx.ES.2016.PV716476.PP024718	crf_bank
149_01B.CN.15.BL1947_00.MW110767_syn4_yr2028	crf_bank
149_01B.CN.2015.BL1948-00.MW110768_syn5_yr2023	crf_bank
150_07149.CN.2019.19KMM044.PP429917_syn2_yr2026	crf_bank
150_07149.CN.2018.18KMM068.PP429916	crf_bank
151_0107.CN.17.YNM132.OR514935_syn4_yr2023	crf_bank
151_0107.CN.17.YNM132.OR514935_syn2_yr2024	crf_bank
152_DG.PK.21.AKU_GT60.OR345465_syn1_yr2023	crf_bank
152_DG.PK.20.AKU_GT45.OR345464	crf_bank
153_55B.CN.18.04_045.OR570899_syn2_yr2020	crf_bank
153_55B.CN.18.12_035.OR570901	crf_bank
154_0755.CN.19.ZLQ01349.OR570903_syn3_yr2025	crf_bank
154_0755.CN.18.04_077.OR570904	crf_bank
155_0755.CN.21.210440.OR570891_syn3_yr2024	crf_bank
155_0755.CN.21.210440.OR570891_syn1_yr2024	crf_bank
156_0755.CN.18.ZLQ00277.OR570897_syn1_yr2027	crf_bank
156_0755.CN.2022.220002.OR581725	crf_bank
157_A6C.RU.23.Vlad8_23.OR736074_syn3_yr2024	crf_bank
157_A6C.RU.21.Vlad29.OR736072_syn4_yr2023	crf_bank
158_0107.CN.2020.20M108.PP977573_syn2_yr2024	crf_bank
158_0107.CN.2021.21M114.PP977574	crf_bank
159_01103.CN.22.BDL104.PP056118_syn3_yr2028	crf_bank
159_01103.CN.19.BD093A.PP056116	crf_bank
160_0708.CN.2022.22HH436.PQ736322	crf_bank
160_0708.CN.2021.21ZT386.PQ736317	crf_bank
161_0107.CN.2018.18KMM039.PV741253_syn3_yr2028	crf_bank
161_0107.CN.2018.18KMM039.PV741253_syn2_yr2023	crf_bank
162_cpx.CN.2019.191286.PP483792	crf_bank
162_cpx.CN.2022.220370.PP483798	crf_bank
163_0107.CN.2022.324817.PQ218317_syn3_yr2027	crf_bank
163_0107.CN.2023.305614.PQ218319_syn4_yr2025	crf_bank
168_0107.CN.2023.BL5989-00.PP975256_syn2_yr2028	crf_bank
168_0107.CN.2022.BL5765-00.PP975254_syn1_yr2028	crf_bank
169_cpx.CY.2017.CY488.ON989265_syn4_yr2018	crf_bank
169_cpx.SI.2012.Sample37_SI324.MN736702_syn1_yr2024	crf_bank
170_0107.CN.2017.YNM132.OR514935_syn3_yr2020	crf_bank
170_0107.CN.2016.YNM46.OR514934	crf_bank
172_0755.CN.2023.JH20233033.PQ356209_syn2_yr2027	crf_bank
172_0755.CN.2023.GZZY230003.PQ356208	crf_bank
173_63A6.RU.2024.24JAR103.PQ523376	crf_bank
173_63A6.RU.2024.24JAR036.PQ523368	crf_bank
173_63A6.RU.2024.24JAR055.PQ523371	crf_bank
173_63A6.RU.2021.21VLD026.PQ523377	crf_bank
174_0708.CN.2022.22HH864.PV072642	crf_bank
174_0708.CN.2022.22HH962.PV072643	crf_bank
176_BC.CN.2022.22HH275.PV548827_syn2_yr2023	crf_bank
176_BC.CN.2022.22HH789.PV548828	crf_bank
177_0708.CN.2022.22HH736.PV992710_syn2_yr2027	crf_bank
177_0708.CN.2021.21ZT458.PV992708_syn1_yr2028	crf_bank
178_BC.CN.2020.20BS147.PV207988_syn2_yr2023	crf_bank
178_BC.CN.2019.19BS273.PV207987	crf_bank
179_12B.UY.2016.863R.PQ798950_syn2_yr2021	crf_bank
179_12B.UY.2012.338R.PQ798951	crf_bank
181_BC.CN.2019.19BS001.PV781616_syn3_yr2026	crf_bank
181_BC.CN.2020.20BS178.PV781618	crf_bank
182_0708.CN.2021.YN269.PX459505_syn1_yr2027	crf_bank
182_0708.CN.2021.YN210154.PX459508	crf_bank
183_0107.CN.2018.HLJ18014.PV568687_syn4_yr2022	crf_bank
183_0107.CN.2018.HLJ18014.PV568687_syn5_yr2028	crf_bank
184_BC.CN.2023.23BS055.PV690540_syn2_yr2027	crf_bank
184_BC.CN.2022.22BS143.PV690538	crf_bank
188_0107.CN.2024.ZZS24046.PV363681_syn1_yr2027	crf_bank
188_0107.CN.2023.NY23025.PV363679	crf_bank
193_0107.CN.2021.2021.40_NO.01_HB010280_NFLG.PV743139_syn3_yr2022	crf_bank
193_0107.CN.2021.2021.43_NO.01_HB010298_NFLG.PV743140_syn4_yr2026	crf_bank
197_0108.CN.2023.23BN051.PX492345_syn3_yr2027	crf_bank
197_0108.CN.2023.23BN004.PX492343_syn2_yr2025	crf_bank
201_0107.CN.2023.HZ23NO293.PQ436968_syn3_yr2026	crf_bank
201_0107.CN.2023.HZ23NO312.PQ436970_syn1_yr2028	crf_bank
205_0107.CN.2020.20HZ2132.PX262425_syn1_yr2025	crf_bank
205_0107.CN.-.S114.OP921950_syn2_yr2023	crf_bank
