f1/micro	f1/clade_micro	precision/micro	recall/micro	loss	step
0.9816621541976929	0.9831094741821289	0.984000563621521	0.9793348908424377	0.10803943013586104	1000
0.9813099503517151	0.9827601313591003	0.9836946129798889	0.9789367318153381	0.11126404124870896	2000
0.981209397315979	0.9826620221138	0.983669638633728	0.9787614345550537	0.11151260626874863	3000
0.9810338020324707	0.9823657274246216	0.9835125207901001	0.9785675406455994	0.11331997145153581	4000
0.9808136224746704	0.9823737740516663	0.9834076762199402	0.9782330989837646	0.11400695171579718	5000
0.9808265566825867	0.9826051592826843	0.9833071231842041	0.9783584475517273	0.11423511883988977	6000
0.9812391400337219	0.9826739430427551	0.9836742281913757	0.978816032409668	0.11091558636724949	7000
0.9811463356018066	0.9826493263244629	0.9835723638534546	0.9787323474884033	0.1119054387435317	8000
0.9814890623092651	0.9829487800598145	0.9837806224822998	0.9792081713676453	0.10977048970386385	9000
0.9816083312034607	0.9830663204193115	0.9838923811912537	0.9793347716331482	0.10978756408765912	10000
0.9815635085105896	0.9831061363220215	0.9838204383850098	0.9793168902397156	0.10929000952094793	11000
0.9820964336395264	0.9835461378097534	0.9842467308044434	0.9799553751945496	0.10642396471463143	12000
0.9822842478752136	0.9837027788162231	0.9843748211860657	0.9802026152610779	0.10504394670575858	13000
0.9824022054672241	0.9838772416114807	0.9845042824745178	0.9803089499473572	0.10469037635624409	14000
0.9825772047042847	0.9839383959770203	0.984587550163269	0.9805750846862793	0.1019085111990571	15000
0.9831444025039673	0.9844397306442261	0.9849863052368164	0.9813094735145569	0.09946623507887126	16000
0.983189046382904	0.9845261573791504	0.9850267767906189	0.9813579320907593	0.09869567668437958	17000
0.9830138683319092	0.9843321442604065	0.9848830103874207	0.9811519980430603	0.0997150032762438	18000
0.9832456111907959	0.9845917820930481	0.9850485920906067	0.9814493060112	0.09876280501671135	19000
0.9834813475608826	0.9848096370697021	0.9853231906890869	0.9816464781761169	0.0975032045841217	20000
0.9836075901985168	0.9848703742027283	0.9854079484939575	0.9818136692047119	0.09558790528401732	21000
0.9838109016418457	0.9851290583610535	0.9855638146400452	0.9820642471313477	0.09507681716606022	22000
0.9839763045310974	0.9852529168128967	0.9856626987457275	0.9822956919670105	0.09406434998475015	23000
0.9838664531707764	0.9852241277694702	0.9854630827903748	0.9822749495506287	0.09464705695398151	24000
0.9845471382141113	0.9857959747314453	0.9860901236534119	0.9830089211463928	0.08974863323196769	25000
0.984534740447998	0.9857523441314697	0.9860832095146179	0.9829912185668945	0.0905219102408737	26000
0.9846686720848083	0.9859055280685425	0.9861167073249817	0.9832247495651245	0.0906848487406969	27000
0.984872043132782	0.9861466288566589	0.9862692356109619	0.9834786653518677	0.08866992538422346	28000
0.9845391511917114	0.9858317375183105	0.9860106706619263	0.9830719828605652	0.0900104773323983	29000
0.98484867811203	0.9860660433769226	0.9862966537475586	0.9834048748016357	0.08827154208533466	30000
0.9849116206169128	0.9861316680908203	0.9862682223320007	0.9835587739944458	0.0877372665014118	31000
0.9850708246231079	0.9861888289451599	0.9864242672920227	0.9837211966514587	0.08734991268068552	32000
0.9852122664451599	0.9863373637199402	0.9865679740905762	0.983860194683075	0.08615921262837946	33000
0.9852868914604187	0.9864235520362854	0.9866032004356384	0.983974039554596	0.08568174984492362	34000
0.9857510924339294	0.9868456125259399	0.9869556427001953	0.9845494031906128	0.08218331038206815	35000
0.9857207536697388	0.9867801070213318	0.9869529604911804	0.9844917058944702	0.08307269160076976	36000
0.985217809677124	0.9863557815551758	0.986534833908081	0.9839043617248535	0.08593069165013731	37000
0.9859455823898315	0.9870669841766357	0.9871425032615662	0.9847515225410461	0.08133875268138945	38000
0.9857518076896667	0.9868727922439575	0.9869254231452942	0.9845810532569885	0.08341986646316946	39000
0.9858264327049255	0.9870225191116333	0.9870275855064392	0.984628438949585	0.08174295181035995	40000
0.9858891367912292	0.9870443344116211	0.9871075749397278	0.9846735000610352	0.08182050416618586	41000
0.9859656095504761	0.9871091246604919	0.9871224761009216	0.984811544418335	0.08081284616701305	42000
0.9863075613975525	0.9874233603477478	0.9874171018600464	0.9852003455162048	0.07920795756392181	43000
0.9861851930618286	0.9872514009475708	0.9873597621917725	0.9850133657455444	0.07944820487871766	44000
0.9861379861831665	0.9872092008590698	0.9872363209724426	0.9850420951843262	0.08012644749507308	45000
0.9864052534103394	0.9875097870826721	0.9875177145004272	0.985295295715332	0.07840162034146488	46000
0.9864964485168457	0.9874858260154724	0.9875069856643677	0.9854879379272461	0.07786073799058794	47000
0.9865074753761292	0.9875975251197815	0.9876158833503723	0.9854016304016113	0.07825336114317179	48000
0.986609160900116	0.9875916242599487	0.987628161907196	0.9855924248695374	0.07671962008439004	49000
0.9864798188209534	0.9875406622886658	0.987504780292511	0.9854571223258972	0.07827976405620575	50000
0.9870222806930542	0.9881335496902466	0.9879969358444214	0.9860495328903198	0.0748832994857803	51000
0.9865075945854187	0.9875867366790771	0.9876043796539307	0.9854132533073425	0.07785332421399653	52000
0.9866344332695007	0.987662672996521	0.9876767992973328	0.9855944514274597	0.07709686836227775	53000
0.9870510697364807	0.9880620241165161	0.988013744354248	0.9860901832580566	0.07403902054019272	54000
0.9870034456253052	0.987962007522583	0.9879927635192871	0.986016035079956	0.07441536683309823	55000
0.9871585369110107	0.9881671667098999	0.9880828857421875	0.9862359166145325	0.07397364810854197	56000
0.9871171116828918	0.9881308674812317	0.9880189895629883	0.9862170219421387	0.07433354401215911	57000
0.9868468046188354	0.9878634810447693	0.9877586364746094	0.9859365820884705	0.07597036586329341	58000
0.9868776202201843	0.9879378080368042	0.9878389835357666	0.9859181046485901	0.07588432869222016	59000
0.9871985912322998	0.9882908463478088	0.9881447553634644	0.9862542152404785	0.07357870849594474	60000
0.987377405166626	0.9883802533149719	0.9882281422615051	0.9865280985832214	0.07239792665280402	61000
0.9874213337898254	0.9884025454521179	0.9882567524909973	0.9865874648094177	0.07274815847445279	62000
0.9874615669250488	0.988411009311676	0.9883593320846558	0.986565351486206	0.07190268790628761	63000
0.9873618483543396	0.9884123802185059	0.9882221817970276	0.986503005027771	0.07231406647339464	64000
0.9874915480613708	0.9885005354881287	0.988376259803772	0.9866085052490234	0.07144496513996274	65000
0.9874860644340515	0.9884782433509827	0.9882870316505432	0.9866863489151001	0.07171751811355352	66000
0.9876517653465271	0.9886026978492737	0.9884835481643677	0.9868214130401611	0.07075522140040993	67000
0.9877988696098328	0.9887275695800781	0.9886497855186462	0.9869494438171387	0.07015523044206202	68000
0.9876933693885803	0.9887328743934631	0.9885267615318298	0.9868612289428711	0.07018323012162	69000
0.9877805709838867	0.9887703657150269	0.9886152744293213	0.9869471788406372	0.0701398712946102	70000
0.9877498745918274	0.9887295365333557	0.9886031746864319	0.986897885799408	0.06988877698220312	71000
0.9876632690429688	0.9886759519577026	0.9884344935417175	0.9868931174278259	0.0711038352381438	72000
0.9880341291427612	0.9890010952949524	0.9888790249824524	0.9871906042098999	0.06843217032589019	73000
0.9879788756370544	0.9889423251152039	0.9887705445289612	0.9871885180473328	0.06852749567851424	74000
0.9877980351448059	0.9887122511863708	0.9886527061462402	0.9869450330734253	0.07027108687721192	75000
0.9880936741828918	0.9890199899673462	0.9888138175010681	0.9873746633529663	0.06828062472864986	76000
0.9878851771354675	0.9888051748275757	0.9887160658836365	0.987055778503418	0.06949326560273766	77000
0.9880852699279785	0.98896324634552	0.9888598322868347	0.9873119592666626	0.06814115585386753	78000
0.9879928827285767	0.9889319539070129	0.9887542128562927	0.9872327446937561	0.06906726315058767	79000
0.9879958033561707	0.9889190196990967	0.988783061504364	0.9872099161148071	0.06918908406049012	80000
0.988124668598175	0.9890514016151428	0.9888988137245178	0.987351655960083	0.06756081811431795	81000
0.9880699515342712	0.9889463782310486	0.9888669848442078	0.9872742295265198	0.06814461900666356	82000
0.9883178472518921	0.9891784191131592	0.9890029430389404	0.9876338243484497	0.06642403064668179	83000
0.9881990551948547	0.9891219139099121	0.9888861179351807	0.9875129461288452	0.06743343582376837	84000
0.9881450533866882	0.9890421628952026	0.9888755679130554	0.9874157905578613	0.06789164456538856	85000
0.988476037979126	0.9893993139266968	0.9891422986984253	0.9878107905387878	0.0653632079102099	86000
0.9883179068565369	0.9892088174819946	0.9890441298484802	0.9875928163528442	0.06670968162268401	87000
0.9883865714073181	0.9892676472663879	0.9890952706336975	0.9876788258552551	0.0666150417663157	88000
0.9884395599365234	0.9893728494644165	0.9891436100006104	0.9877365827560425	0.06609281885810196	89000
0.9883260726928711	0.9891775846481323	0.9890295267105103	0.9876235723495483	0.06664960269536822	90000
0.9883924722671509	0.9893022179603577	0.9890915751457214	0.9876943826675415	0.06686633547209203	91000
0.9884176254272461	0.9893409609794617	0.9891538619995117	0.9876825213432312	0.06605566709674895	92000
0.9881443381309509	0.9890678524971008	0.9888743758201599	0.9874152541160583	0.06719304848834873	93000
0.9883599281311035	0.9892248511314392	0.9890587329864502	0.987662136554718	0.06660871410090476	94000
0.9883466958999634	0.9892644882202148	0.9890874028205872	0.9876072406768799	0.06664193374477327	95000
0.9884139895439148	0.989296555519104	0.9890764951705933	0.9877522587776184	0.06675478373281658	96000
0.9883242845535278	0.9891860485076904	0.9890422821044922	0.9876073002815247	0.06663574586063624	97000
0.9883331656455994	0.9892205595970154	0.9890373945236206	0.9876298308372498	0.06624634923879057	98000
0.9884551763534546	0.9894366264343262	0.9891679883003235	0.9877434372901917	0.06628282967023552	99000
0.9883838295936584	0.9892212152481079	0.9890861511230469	0.9876824021339417	0.06709178775548935	100000
